﻿<?xml version="1.0" ?>
<synergyModuleDescription>
	<config id="config.driver.fmi" path="ssp_cfg/driver/r_fmi_cfg.h" version="0">
        <property default="config.driver.fmi.param_checking_enable.bsp" display="Parameter Checking" id="config.driver.fmi.param_checking_enable" description="If selected code for parameter checking is included in the build.">
            <option display="Default (BSP)" id="config.driver.fmi.param_checking_enable.bsp" value="(BSP_CFG_PARAM_CHECKING_ENABLE)"/>
            <option display="Enabled" id="config.driver.fmi.param_checking_enable.enabled" value="(1)"/>
            <option display="Disabled" id="config.driver.fmi.param_checking_enable.disabled" value="(0)"/>
        </property>
        <property default="g_fmi_data" display="SSP MCU Information Symbol Name" id="config.driver.fmi.custom_base_address_symbol" description="This symbol maps to the base address where the factory flash table information is found. It should not be modified.">
            <constraint display="Name must be a valid C symbol">testSymbol("${config.driver.fmi.custom_base_address_symbol}")</constraint>
        </property>
        <property default="0xFE00" display="Part Number Mask" id="config.driver.fmi.part_number_mask" description="Each bit represents one character in the Synergy part number, where the MSB is the first character in the part number ('R').  Set bits to ensure the part number in the MCU factory flash matches the part number in the SSP MCU Information.  The default mask checks everything except operating temperature, software ID, and quality ID.">
            <constraint display="Must be a 16-bit integer">testInteger("${config.driver.fmi.part_number_mask}")  &amp;&amp; ("${config.driver.fmi.part_number_mask}" &lt;= 0xFFFF)</constraint>
        </property>
        <content>#define FMI_CFG_PARAM_CHECKING_ENABLE ${config.driver.fmi.param_checking_enable}
#define FMI_CFG_FACTORY_FLASH_BASE_ADDRESS (&amp;${config.driver.fmi.custom_base_address_symbol}[0])
#define FMI_CFG_PART_NUMBER_VALIDATE_MASK (${config.driver.fmi.part_number_mask}U)

extern const uint32_t ${config.driver.fmi.custom_base_address_symbol}[];
		</content>
	</config>
	<module config="config.driver.fmi" display="Driver|System|${module.driver.fmi.name} FMI Driver on r_fmi" id="module.driver.fmi_on_fmi" common="1" version="1" url="https://knowledgebase.renesas.com/English_Content/Renesas_Synergy%E2%84%A2_Platform/Renesas_Synergy_Knowledge_Base/r_fmi_Module_Guide_Resources">
        <constraint display="Unique name required for each instance">
            "${interface.driver.fmi.${module.driver.fmi.name}}" === "1"
        </constraint>
        <provides interface="interface.driver.fmi" />
        <provides interface="interface.driver.fmi_on_fmi" />
        <provides interface="interface.driver.fmi.${module.driver.fmi.name}" />
        <property default="g_fmi" display="Name" id="module.driver.fmi.name" description="Module name.">
            <constraint display="Name must be a valid C symbol">testSymbol("${module.driver.fmi.name}")</constraint>
        </property>
        <header>
/** FMI on FMI Instance. */
extern const fmi_instance_t ${module.driver.fmi.name};
        </header>
		<includes>
#include &quot;r_fmi.h&quot;
#include &quot;r_fmi_api.h&quot;
		</includes>
		<declarations>
/* Instance structure to use this module. */
const fmi_instance_t ${module.driver.fmi.name} = 
{
    .p_api         = &amp;g_fmi_on_fmi
};	   
		</declarations>
	</module>
</synergyModuleDescription>
