﻿<?xml version="1.0" ?>
<synergyModuleDescription>
	<config id="config.driver.adc" path="ssp_cfg/driver/r_adc_cfg.h" version="0">
		<property default="config.driver.adc.param_checking_enable.enabled" display="Parameter Checking" id="config.driver.adc.param_checking_enable" description="If selected code for parameter checking is included in the build.">
			 <option display="BSP" id="config.driver.adc.param_checking_enable.bsp" value="(BSP_CFG_PARAM_CHECKING_ENABLE)"/>
			<option display="Enabled" id="config.driver.adc.param_checking_enable.enabled" value="(1)"/>
			<option display="Disabled" id="config.driver.adc.param_checking_enable.disabled" value="(0)"/>
		</property>
		<content>#define ADC_CFG_PARAM_CHECKING_ENABLE ${config.driver.adc.param_checking_enable}
</content>
	</config>
	<module config="config.driver.adc" display="Driver|Analog|${module.driver.adc.name} ADC Driver on r_adc" id="module.driver.adc_on_adc" version="1" url="https://knowledgebase.renesas.com/English_Content/Renesas_Synergy%E2%84%A2_Platform/Renesas_Synergy_Knowledge_Base/r_adc_Module_Guide_Resources">
        <constraint display="Requires ADC Normal/Group A (Scan End) Interrupt enabled">
          ("${module.driver.adc.p_callback}" === "NULL") || ("${module.driver.adc.scan_end_ipl}" != "board.icu.common.irq.disabled") ||("${module.driver.adc.mode}" != "module.driver.adc.mode.mode_single_scan")
        </constraint>
        <constraint display="Requires ADC Group B (Scan End Group B) and Normal/Group A (SCAN_END) Interrupt enabled">
            (("${module.driver.adc.p_callback}" === "NULL") ||("${module.driver.adc.mode}" != "module.driver.adc.mode.mode_group_scan")) || (("${module.driver.adc.scan_end_b_ipl}" != "board.icu.common.irq.disabled") &amp;&amp; ("${module.driver.adc.scan_end_ipl}" != "board.icu.common.irq.disabled"))
         </constraint>
         <constraint display="Requires callback to be not NULL in Group Mode">
            (("${module.driver.adc.p_callback}" != "NULL") ||("${module.driver.adc.mode}" != "module.driver.adc.mode.mode_group_scan"))
         </constraint>
         <constraint display="Requires callback to be NULL in Continuous Mode">
            (("${module.driver.adc.p_callback}" == "NULL") ||("${module.driver.adc.mode}" != "module.driver.adc.mode.mode_continuous_scan"))
         </constraint>
		<constraint display="Unique name required for each instance">
       ("${interface.driver.adc.${module.driver.adc.name}}" === "1")
	    </constraint>
        <constraint display="Requires ADC peripheral">
          "${interface.mcu.adc}" === "1"
        </constraint>
        <requires id="module.driver.adc.requires.adc" interface="interface.mcu.adc" visible="false" display="Requires ADC peripheral" />
        <provides interface="interface.driver.adc" />
        <provides interface="interface.driver.adc_on_adc" />
		<provides interface="interface.driver.adc.${module.driver.adc.name}" />
        <property default="g_adc${_instance}" display="Name" id="module.driver.adc.name" description="Module name">
			<constraint display="Name must be a valid C symbol">testSymbol("${module.driver.adc.name}")</constraint>
        </property>
		<property default="0" display="Unit" id="module.driver.adc.unit" description="Specify the ADC Unit to be used.">
			<option display="0" id="module.driver.adc.unit.unit0" value="0"/>
			<option display="1(S7G2,S5D9 and S5D5)" id="module.driver.adc.unit.unit1" value="1"/>
        </property>
		<property default="module.driver.adc.resolution.resolution_8_bit" display="Resolution (resolution varies by MCU)" id="module.driver.adc.resolution" description="Specify the conversion resolution for this unit.">
			<option display="16-Bit (S1JA Only)" id="module.driver.adc.resolution.resolution_16_bit" value="ADC_RESOLUTION_16_BIT"/>
                        <option display="14-Bit" id="module.driver.adc.resolution.resolution_14_bit" value="ADC_RESOLUTION_14_BIT"/>
                        <option display="12-Bit" id="module.driver.adc.resolution.resolution_12_bit" value="ADC_RESOLUTION_12_BIT"/>
			<option display="10-Bit" id="module.driver.adc.resolution.resolution_10_bit" value="ADC_RESOLUTION_10_BIT"/>
			<option display="8-Bit" id="module.driver.adc.resolution.resolution_8_bit" value="ADC_RESOLUTION_8_BIT"/>
		</property>
		<property default="module.driver.adc.alignment.alignment_right" display="Alignment" id="module.driver.adc.alignment" description="Specify the conversion result alignment.">
			<option display="Right" id="module.driver.adc.alignment.alignment_right" value="ADC_ALIGNMENT_RIGHT"/>
			<option display="Left" id="module.driver.adc.alignment.alignment_left" value="ADC_ALIGNMENT_LEFT"/>
		</property>
		<property default="module.driver.adc.clearing.clear_after_read_on" display="Clear after read" id="module.driver.adc.clearing" description="Specify if the result register will be automatically cleared after the conversion result is read.">
			<option display="Off" id="module.driver.adc.clearing.clear_after_read_off" value="ADC_CLEAR_AFTER_READ_OFF"/>
			<option display="On" id="module.driver.adc.clearing.clear_after_read_on" value="ADC_CLEAR_AFTER_READ_ON"/>
		</property>
		<property default="module.driver.adc.mode.mode_single_scan" display="Mode" id="module.driver.adc.mode" description="Specify the mode that this ADC unit is used in.">
			<option display="Single Scan" id="module.driver.adc.mode.mode_single_scan" value="ADC_MODE_SINGLE_SCAN"/>
			<option display="Continuous Scan" id="module.driver.adc.mode.mode_continuous_scan" value="ADC_MODE_CONTINUOUS_SCAN"/>
			<option display="Group Scan" id="module.driver.adc.mode.mode_group_scan" value="ADC_MODE_GROUP_SCAN"/>
		</property>
        <property default="module.driver.adc.skip_internal_calibration.skip_internal_calibration_false" display="Internal Calibration During Open()" id="module.driver.adc.skip_internal_calibration" description="Calibration is required for all channels configured for differential input.  Internal calibration is performed automatically during open for these channels unless it is disabled here.">
            <option display="Disabled" id="module.driver.adc.skip_internal_calibration.skip_internal_calibration_true" value="true"/>
            <option display="Enabled" id="module.driver.adc.skip_internal_calibration.skip_internal_calibration_false" value="false"/>
        </property>
        <property default="module.driver.adc.scan_mask.default" display="Channel Scan Mask (channel availability varies by MCU)" id="module.driver.adc.scan_mask" description="">
			<option display="Select channels below" id="module.driver.adc.scan_mask.default" value="(0)"/>
        </property>
		<property default="module.driver.adc.scan_mask.channel_0.unused" display="    Channel 0" id="module.driver.adc.channel_0" description="In Normal mode of operation, this bitmask field is used to specify the channels that are enabled in that ADC unit. In group mode, this field is used to specify which channels belong to group A.">
			 <option display="Unused" id="module.driver.adc.scan_mask.channel_0.unused" value="(uint64_t)0"/>
			 <option display="Use in Normal/Group A" id="module.driver.adc.channel_0.used" value="(uint64_t)ADC_MASK_CHANNEL_0"/>
			 <option display="Use in Group B" id="module.driver.adc.channel_0.used_groupB" value="(uint64_t)ADC_MASK_CHANNEL_0 &lt;&lt; 32"/>
		</property>
		<property default="module.driver.adc.scan_mask.channel_1.unused" display="    Channel 1" id="module.driver.adc.channel_1" description="In Normal mode of operation, this bitmask field is used to specify the channels that are enabled in that ADC unit. In group mode, this field is used to specify which channels belong to group A.">
			 <option display="Unused" id="module.driver.adc.scan_mask.channel_1.unused" value="(uint64_t)0"/>
			 <option display="Use in Normal/Group A" id="module.driver.adc.channel_1.used" value="(uint64_t)ADC_MASK_CHANNEL_1"/>
			 <option display="Use in Group B" id="module.driver.adc.channel_1.used_groupB" value="(uint64_t)ADC_MASK_CHANNEL_1 &lt;&lt; 32"/>
		</property>
		<property default="module.driver.adc.scan_mask.channel_2.unused" display="    Channel 2" id="module.driver.adc.channel_2" description="In Normal mode of operation, this bitmask field is used to specify the channels that are enabled in that ADC unit. In group mode, this field is used to specify which channels belong to group A.">
			 <option display="Unused" id="module.driver.adc.scan_mask.channel_2.unused" value="(uint64_t)0"/>
			 <option display="Use in Normal/Group A" id="module.driver.adc.channel_2.used" value="(uint64_t)ADC_MASK_CHANNEL_2"/>
			 <option display="Use in Group B" id="module.driver.adc.channel_2.used_groupB" value="(uint64_t)ADC_MASK_CHANNEL_2 &lt;&lt; 32"/>
		</property>
		<property default="module.driver.adc.scan_mask.channel_3.unused" display="    Channel 3" id="module.driver.adc.channel_3" description="In Normal mode of operation, this bitmask field is used to specify the channels that are enabled in that ADC unit. In group mode, this field is used to specify which channels belong to group A.">
			 <option display="Unused" id="module.driver.adc.scan_mask.channel_3.unused" value="(uint64_t)0"/>
			 <option display="Use in Normal/Group A" id="module.driver.adc.channel_3.used" value="(uint64_t)ADC_MASK_CHANNEL_3"/>
			 <option display="Use in Group B" id="module.driver.adc.channel_3.used_groupB" value="(uint64_t)ADC_MASK_CHANNEL_3 &lt;&lt; 32"/>
		</property>
		<property default="module.driver.adc.scan_mask.channel_4.unused" display="    Channel 4" id="module.driver.adc.channel_4" description="In Normal mode of operation, this bitmask field is used to specify the channels that are enabled in that ADC unit. In group mode, this field is used to specify which channels belong to group A.">
			 <option display="Unused" id="module.driver.adc.scan_mask.channel_4.unused" value="(uint64_t)0"/>
			 <option display="Use in Normal/Group A" id="module.driver.adc.channel_4.used" value="(uint64_t)ADC_MASK_CHANNEL_4"/>
			 <option display="Use in Group B" id="module.driver.adc.channel_4.used_groupB" value="(uint64_t)ADC_MASK_CHANNEL_4 &lt;&lt; 32"/>
		</property>
		<property default="module.driver.adc.scan_mask.channel_5.unused" display="    Channel 5" id="module.driver.adc.channel_5" description="In Normal mode of operation, this bitmask field is used to specify the channels that are enabled in that ADC unit. In group mode, this field is used to specify which channels belong to group A.">
			 <option display="Unused" id="module.driver.adc.scan_mask.channel_5.unused" value="(uint64_t)0"/>
			 <option display="Use in Normal/Group A" id="module.driver.adc.channel_5.used" value="(uint64_t)ADC_MASK_CHANNEL_5"/>
			 <option display="Use in Group B" id="module.driver.adc.channel_5.used_groupB" value="(uint64_t)ADC_MASK_CHANNEL_5 &lt;&lt; 32"/>
		</property>
        <property default="module.driver.adc.scan_mask.channel_6.unused" display="    Channel 6" id="module.driver.adc.channel_6" description="In Normal mode of operation, this bitmask field is used to specify the channels that are enabled in that ADC unit. In group mode, this field is used to specify which channels belong to group A.">
			 <option display="Unused" id="module.driver.adc.scan_mask.channel_6.unused" value="(uint64_t)0"/>
			 <option display="Use in Normal/Group A" id="module.driver.adc.channel_6.used" value="(uint64_t)ADC_MASK_CHANNEL_6"/>
			 <option display="Use in Group B" id="module.driver.adc.channel_6.used_groupB" value="(uint64_t)ADC_MASK_CHANNEL_6 &lt;&lt; 32"/>
		</property>
        <property default="module.driver.adc.scan_mask.channel_7.unused" display="    Channel 7" id="module.driver.adc.channel_7" description="In Normal mode of operation, this bitmask field is used to specify the channels that are enabled in that ADC unit. In group mode, this field is used to specify which channels belong to group A.">
			 <option display="Unused" id="module.driver.adc.scan_mask.channel_7.unused" value="(uint64_t)0"/>
			 <option display="Use in Normal/Group A" id="module.driver.adc.channel_7.used" value="(uint64_t)ADC_MASK_CHANNEL_7"/>
			 <option display="Use in Group B" id="module.driver.adc.channel_7.used_groupB" value="(uint64_t)ADC_MASK_CHANNEL_7 &lt;&lt; 32"/>
		</property>
        <property default="module.driver.adc.scan_mask.channel_8.unused" display="    Channel 8" id="module.driver.adc.channel_8" description="In Normal mode of operation, this bitmask field is used to specify the channels that are enabled in that ADC unit. In group mode, this field is used to specify which channels belong to group A.">
			 <option display="Unused" id="module.driver.adc.scan_mask.channel_8.unused" value="(uint64_t)0"/>
			 <option display="Use in Normal/Group A" id="module.driver.adc.channel_8.used" value="(uint64_t)ADC_MASK_CHANNEL_8"/>
			 <option display="Use in Group B" id="module.driver.adc.channel_8.used_groupB" value="(uint64_t)ADC_MASK_CHANNEL_8 &lt;&lt; 32"/>
		</property>
        <property default="module.driver.adc.scan_mask.channel_9.unused" display="    Channel 9" id="module.driver.adc.channel_9" description="In Normal mode of operation, this bitmask field is used to specify the channels that are enabled in that ADC unit. In group mode, this field is used to specify which channels belong to group A.">
			 <option display="Unused" id="module.driver.adc.scan_mask.channel_9.unused" value="(uint64_t)0"/>
			 <option display="Use in Normal/Group A" id="module.driver.adc.channel_9.used" value="(uint64_t)ADC_MASK_CHANNEL_9"/>
			 <option display="Use in Group B" id="module.driver.adc.channel_9.used_groupB" value="(uint64_t)ADC_MASK_CHANNEL_9 &lt;&lt; 32"/>
		</property>
        <property default="module.driver.adc.scan_mask.channel_10.unused" display="    Channel 10" id="module.driver.adc.channel_10" description="In Normal mode of operation, this bitmask field is used to specify the channels that are enabled in that ADC unit. In group mode, this field is used to specify which channels belong to group A.">
			 <option display="Unused" id="module.driver.adc.scan_mask.channel_10.unused" value="(uint64_t)0"/>
			 <option display="Use in Normal/Group A" id="module.driver.adc.channel_10.used" value="(uint64_t)ADC_MASK_CHANNEL_10"/>
			 <option display="Use in Group B" id="module.driver.adc.channel_10.used_groupB" value="(uint64_t)ADC_MASK_CHANNEL_10 &lt;&lt; 32"/>
		</property>
        <property default="module.driver.adc.scan_mask.channel_11.unused" display="    Channel 11" id="module.driver.adc.channel_11" description="In Normal mode of operation, this bitmask field is used to specify the channels that are enabled in that ADC unit. In group mode, this field is used to specify which channels belong to group A.">
			 <option display="Unused" id="module.driver.adc.scan_mask.channel_11.unused" value="(uint64_t)0"/>
			 <option display="Use in Normal/Group A" id="module.driver.adc.channel_11.used" value="(uint64_t)ADC_MASK_CHANNEL_11"/>
			 <option display="Use in Group B" id="module.driver.adc.channel_11.used_groupB" value="(uint64_t)ADC_MASK_CHANNEL_11 &lt;&lt; 32"/>
		</property>
        <property default="module.driver.adc.scan_mask.channel_12.unused" display="    Channel 12" id="module.driver.adc.channel_12" description="In Normal mode of operation, this bitmask field is used to specify the channels that are enabled in that ADC unit. In group mode, this field is used to specify which channels belong to group A.">
			 <option display="Unused" id="module.driver.adc.scan_mask.channel_12.unused" value="(uint64_t)0"/>
			 <option display="Use in Normal/Group A" id="module.driver.adc.channel_12.used" value="(uint64_t)ADC_MASK_CHANNEL_12"/>
			 <option display="Use in Group B" id="module.driver.adc.channel_12.used_groupB" value="(uint64_t)ADC_MASK_CHANNEL_12 &lt;&lt; 32"/>
		</property>
        <property default="module.driver.adc.scan_mask.channel_13.unused" display="    Channel 13" id="module.driver.adc.channel_13" description="In Normal mode of operation, this bitmask field is used to specify the channels that are enabled in that ADC unit. In group mode, this field is used to specify which channels belong to group A.">
			 <option display="Unused" id="module.driver.adc.scan_mask.channel_13.unused" value="(uint64_t)0"/>
			 <option display="Use in Normal/Group A" id="module.driver.adc.channel_13.used" value="(uint64_t)ADC_MASK_CHANNEL_13"/>
			 <option display="Use in Group B" id="module.driver.adc.channel_13.used_groupB" value="(uint64_t)ADC_MASK_CHANNEL_13 &lt;&lt; 32"/>
		</property>
        <property default="module.driver.adc.scan_mask.channel_14.unused" display="    Channel 14 (S3 series Only)" id="module.driver.adc.channel_14" description="In Normal mode of operation, this bitmask field is used to specify the channels that are enabled in that ADC unit. In group mode, this field is used to specify which channels belong to group A.">
			 <option display="Unused" id="module.driver.adc.scan_mask.channel_14.unused" value="(uint64_t)0"/>
			 <option display="Use in Normal/Group A" id="module.driver.adc.channel_14.used" value="(uint64_t)ADC_MASK_CHANNEL_14"/>
			 <option display="Use in Group B" id="module.driver.adc.channel_14.used_groupB" value="(uint64_t)ADC_MASK_CHANNEL_14 &lt;&lt; 32"/>
		</property>
        <property default="module.driver.adc.scan_mask.channel_15.unused" display="    Channel 15 (S3A7/S3A3 Only)" id="module.driver.adc.channel_15" description="In Normal mode of operation, this bitmask field is used to specify the channels that are enabled in that ADC unit. In group mode, this field is used to specify which channels belong to group A.">
			 <option display="Unused" id="module.driver.adc.scan_mask.channel_15.unused" value="(uint64_t)0"/>
			 <option display="Use in Normal/Group A" id="module.driver.adc.channel_15.used" value="(uint64_t)ADC_MASK_CHANNEL_15"/>
			 <option display="Use in Group B" id="module.driver.adc.channel_15.used_groupB" value="(uint64_t)ADC_MASK_CHANNEL_15 &lt;&lt; 32"/>
		</property>
		<property default="module.driver.adc.scan_mask.channel_16.unused" display="    Channel 16" id="module.driver.adc.channel_16" description="In Normal mode of operation, this bitmask field is used to specify the channels that are enabled in that ADC unit. In group mode, this field is used to specify which channels belong to group A.">
			 <option display="Unused" id="module.driver.adc.scan_mask.channel_16.unused" value="(uint64_t)0"/>
			 <option display="Use in Normal/Group A" id="module.driver.adc.channel_16.used" value="(uint64_t)ADC_MASK_CHANNEL_16"/>
			 <option display="Use in Group B" id="module.driver.adc.channel_16.used_groupB" value="(uint64_t)ADC_MASK_CHANNEL_16 &lt;&lt; 32"/>
		</property>
		<property default="module.driver.adc.scan_mask.channel_17.unused" display="    Channel 17" id="module.driver.adc.channel_17" description="In Normal mode of operation, this bitmask field is used to specify the channels that are enabled in that ADC unit. In group mode, this field is used to specify which channels belong to group A.">
			 <option display="Unused" id="module.driver.adc.scan_mask.channel_17.unused" value="(uint64_t)0"/>
			 <option display="Use in Normal/Group A" id="module.driver.adc.channel_17.used" value="(uint64_t)ADC_MASK_CHANNEL_17"/>
			 <option display="Use in Group B" id="module.driver.adc.channel_17.used_groupB" value="(uint64_t)ADC_MASK_CHANNEL_17 &lt;&lt; 32"/>
		</property>
		<property default="module.driver.adc.scan_mask.channel_18.unused" display="    Channel 18" id="module.driver.adc.channel_18" description="In Normal mode of operation, this bitmask field is used to specify the channels that are enabled in that ADC unit. In group mode, this field is used to specify which channels belong to group A.">
			 <option display="Unused" id="module.driver.adc.scan_mask.channel_18.unused" value="(uint64_t)0"/>
			 <option display="Use in Normal/Group A" id="module.driver.adc.channel_18.used" value="(uint64_t)ADC_MASK_CHANNEL_18"/>
			 <option display="Use in Group B" id="module.driver.adc.channel_18.used_groupB" value="(uint64_t)ADC_MASK_CHANNEL_18 &lt;&lt; 32"/>
		</property>
		<property default="module.driver.adc.scan_mask.channel_19.unused" display="    Channel 19" id="module.driver.adc.channel_19" description="In Normal mode of operation, this bitmask field is used to specify the channels that are enabled in that ADC unit. In group mode, this field is used to specify which channels belong to group A.">
			 <option display="Unused" id="module.driver.adc.scan_mask.channel_19.unused" value="(uint64_t)0"/>
			 <option display="Use in Normal/Group A" id="module.driver.adc.channel_19.used" value="(uint64_t)ADC_MASK_CHANNEL_19"/>
			 <option display="Use in Group B" id="module.driver.adc.channel_19.used_groupB" value="(uint64_t)ADC_MASK_CHANNEL_19 &lt;&lt; 32"/>
		</property>
		<property default="module.driver.adc.scan_mask.channel_20.unused" display="    Channel 20" id="module.driver.adc.channel_20" description="In Normal mode of operation, this bitmask field is used to specify the channels that are enabled in that ADC unit. In group mode, this field is used to specify which channels belong to group A.">
			 <option display="Unused" id="module.driver.adc.scan_mask.channel_20.unused" value="(uint64_t)0"/>
			 <option display="Use in Normal/Group A" id="module.driver.adc.channel_20.used" value="(uint64_t)ADC_MASK_CHANNEL_20"/>
			 <option display="Use in Group B" id="module.driver.adc.channel_20.used_groupB" value="(uint64_t)ADC_MASK_CHANNEL_20 &lt;&lt; 32"/>
		</property>
		<property default="module.driver.adc.scan_mask.channel_21.unused" display="    Channel 21 (Unit 0 Only)" id="module.driver.adc.channel_21" description="In Normal mode of operation, this bitmask field is used to specify the channels that are enabled in that ADC unit. In group mode, this field is used to specify which channels belong to group A.">
			 <option display="Unused" id="module.driver.adc.scan_mask.channel_21.unused" value="(uint64_t)0"/>
			 <option display="Use in Normal/Group A" id="module.driver.adc.channel_21.used" value="(uint64_t)ADC_MASK_CHANNEL_21"/>
			 <option display="Use in Group B" id="module.driver.adc.channel_21.used_groupB" value="(uint64_t)ADC_MASK_CHANNEL_21 &lt;&lt; 32"/>
		</property>
        <property default="module.driver.adc.scan_mask.channel_22.unused" display="    Channel 22" id="module.driver.adc.channel_22" description="In Normal mode of operation, this bitmask field is used to specify the channels that are enabled in that ADC unit. In group mode, this field is used to specify which channels belong to group A.">
			 <option display="Unused" id="module.driver.adc.scan_mask.channel_22.unused" value="(uint64_t)0"/>
			 <option display="Use in Normal/Group A" id="module.driver.adc.channel_22.used" value="(uint64_t)ADC_MASK_CHANNEL_22"/>
			 <option display="Use in Group B" id="module.driver.adc.channel_22.used_groupB" value="(uint64_t)ADC_MASK_CHANNEL_22 &lt;&lt; 32"/>
		</property>
        <property default="module.driver.adc.scan_mask.channel_23.unused" display="    Channel 23" id="module.driver.adc.channel_23" description="In Normal mode of operation, this bitmask field is used to specify the channels that are enabled in that ADC unit. In group mode, this field is used to specify which channels belong to group A.">
			 <option display="Unused" id="module.driver.adc.scan_mask.channel_23.unused" value="(uint64_t)0"/>
			 <option display="Use in Normal/Group A" id="module.driver.adc.channel_23.used" value="(uint64_t)ADC_MASK_CHANNEL_23"/>
			 <option display="Use in Group B" id="module.driver.adc.channel_23.used_groupB" value="(uint64_t)ADC_MASK_CHANNEL_23 &lt;&lt; 32"/>
		</property>
        <property default="module.driver.adc.scan_mask.channel_24.unused" display="    Channel 24" id="module.driver.adc.channel_24" description="In Normal mode of operation, this bitmask field is used to specify the channels that are enabled in that ADC unit. In group mode, this field is used to specify which channels belong to group A.">
			 <option display="Unused" id="module.driver.adc.scan_mask.channel_24.unused" value="(uint64_t)0"/>
			 <option display="Use in Normal/Group A" id="module.driver.adc.channel_24.used" value="(uint64_t)ADC_MASK_CHANNEL_24"/>
			 <option display="Use in Group B" id="module.driver.adc.channel_24.used_groupB" value="(uint64_t)ADC_MASK_CHANNEL_24 &lt;&lt; 32"/>
		</property>
        <property default="module.driver.adc.scan_mask.channel_25.unused" display="    Channel 25 (S3 series only)" id="module.driver.adc.channel_25" description="In Normal mode of operation, this bitmask field is used to specify the channels that are enabled in that ADC unit. In group mode, this field is used to specify which channels belong to group A.">
			 <option display="Unused" id="module.driver.adc.scan_mask.channel_25.unused" value="(uint64_t)0"/>
			 <option display="Use in Normal/Group A" id="module.driver.adc.channel_25.used" value="(uint64_t)ADC_MASK_CHANNEL_25"/>
			 <option display="Use in Group B" id="module.driver.adc.channel_25.used_groupB" value="(uint64_t)ADC_MASK_CHANNEL_25 &lt;&lt; 32"/>
		</property>
        <property default="module.driver.adc.scan_mask.channel_26.unused" display="    Channel 26 (S3A7/S3A3 Only)" id="module.driver.adc.channel_26" description="In Normal mode of operation, this bitmask field is used to specify the channels that are enabled in that ADC unit. In group mode, this field is used to specify which channels belong to group A.">
			 <option display="Unused" id="module.driver.adc.scan_mask.channel_26.unused" value="(uint64_t)0"/>
			 <option display="Use in Normal/Group A" id="module.driver.adc.channel_26.used" value="(uint64_t)ADC_MASK_CHANNEL_26"/>
			 <option display="Use in Group B" id="module.driver.adc.channel_26.used_groupB" value="(uint64_t)ADC_MASK_CHANNEL_26 &lt;&lt; 32"/>
		</property>
        <property default="module.driver.adc.scan_mask.channel_27.unused" display="    Channel 27 (S3A7/S3A3 Only)" id="module.driver.adc.channel_27" description="In Normal mode of operation, this bitmask field is used to specify the channels that are enabled in that ADC unit. In group mode, this field is used to specify which channels belong to group A.">
			 <option display="Unused" id="module.driver.adc.scan_mask.channel_27.unused" value="(uint64_t)0"/>
			 <option display="Use in Normal/Group A" id="module.driver.adc.channel_27.used" value="(uint64_t)ADC_MASK_CHANNEL_27"/>
			 <option display="Use in Group B" id="module.driver.adc.channel_27.used_groupB" value="(uint64_t)ADC_MASK_CHANNEL_27 &lt;&lt; 32"/>
		</property>
		<property default="module.driver.adc.scan_mask.channel_temperature.unused" display="    Temperature Sensor" id="module.driver.adc.channel_temperature" description="In Normal mode of operation, this bitmask field is used to specify the channels that are enabled in that ADC unit. In group mode, this field is used to specify which channels belong to group A.">
			 <option display="Unused" id="module.driver.adc.scan_mask.temperature.unused" value="(uint64_t)0"/>
			 <option display="Use in Normal/Group A" id="module.driver.adc.temperature.used" value="(uint64_t)ADC_MASK_TEMPERATURE"/>
			 <option display="Use in Group B" id="module.driver.adc.temperature.used_groupB" value="(uint64_t)ADC_MASK_TEMPERATURE &lt;&lt; 32"/>
		</property>
		<property default="module.driver.adc.scan_mask.channel_voltage.unused" display="    Voltage Sensor" id="module.driver.adc.channel_voltage" description="In Normal mode of operation, this bitmask field is used to specify the channels that are enabled in that ADC unit. In group mode, this field is used to specify which channels belong to group A.">
			 <option display="Unused" id="module.driver.adc.scan_mask.voltage.unused" value="0"/>
			 <option display="Use in Normal/Group A" id="module.driver.adc.voltage.used" value="(uint64_t)ADC_MASK_VOLT"/>
			 <option display="Use in Group B" id="module.driver.adc.voltage.used_groupB" value="(uint64_t)ADC_MASK_VOLT &lt;&lt; 32"/>
		</property>
		<property default="module.driver.adc.trigger.trigger_software" display="Normal/Group A Trigger" id="module.driver.adc.trigger" description="Specify the trigger type to be used for this unit. ">
			<option display="None" id="module.driver.adc.trigger.trigger_none" value="ADC_TRIGGER_NONE"/>
			<option display="Asynchronous External Trigger 0" id="module.driver.adc.trigger.trigger_async_ext_trg0" value="ADC_TRIGGER_ASYNC_EXT_TRG0"/>
			<option display="ELC Event" id="module.driver.adc.trigger.trigger_sync_elc" value="ADC_TRIGGER_SYNC_ELC"/>
			<option display="Software" id="module.driver.adc.trigger.trigger_software" value="ADC_TRIGGER_SOFTWARE"/>
		</property>
		<property default="module.driver.adc.trigger_group_b.trigger_sync_elc" display="Group B Trigger (Valid only in Group Scan Mode)" id="module.driver.adc.trigger_group_b" description="">
			<option display="ELC Event (The only valid trigger for either group in Group Scan Mode)" id="module.driver.adc.trigger_group_b.trigger_sync_elc" value="ADC_TRIGGER_SYNC_ELC"/>
		</property>
		<property default="module.driver.adc.priority_group_a.group_a_priority_off" display="Group Priority (Valid only in Group Scan Mode)" id="module.driver.adc.priority_group_a" description="Determines whether an ongoing group B scan can be interrupted by a group A trigger, whether it should abort on a group A trigger, or if it should pause to allow group A scan and restart immediately after group A scan is complete.">
			<option display="Group A cannot interrupt Group B" id="module.driver.adc.priority_group_a.group_a_priority_off" value="ADC_GROUP_A_PRIORITY_OFF"/>
			<option display="Group A can interrupt Group B; Group B scan restarts at next trigger" id="module.driver.adc.priority_group_a.group_a_group_b_wait_for_trigger" value="ADC_GROUP_A_GROUP_B_WAIT_FOR_TRIGGER"/>
			<option display="Group A can interrupt Group B; Group B scan restarts immediately" id="module.driver.adc.priority_group_a.group_a_group_b_restart_scan" value="ADC_GROUP_A_GROUP_B_RESTART_SCAN"/>
			<option display="Group A can interrupt Group B; Group B scan restarts immediately and scans continuously" id="module.driver.adc.priority_group_a.group_a_group_b_continuous_scan" value="ADC_GROUP_A_GROUP_B_CONTINUOUS_SCAN"/>
		</property>
		<property default="module.driver.adc.add_average_count.add_off" display="Add/Average Count" id="module.driver.adc.add_average_count" description="Specify if addition or averaging needs to be done for any of the channels in this unit.">
			<option display="Disabled" id="module.driver.adc.add_average_count.add_off" value="ADC_ADD_OFF"/>
			<option display="Add two samples" id="module.driver.adc.add_average_count.add_two" value="ADC_ADD_TWO"/>
			<option display="Add three samples" id="module.driver.adc.add_average_count.add_three" value="ADC_ADD_THREE"/>
			<option display="Add four samples" id="module.driver.adc.add_average_count.add_four" value="ADC_ADD_FOUR"/>
			<option display="Add sixteen samples" id="module.driver.adc.add_average_count.add_sixteen" value="ADC_ADD_SIXTEEN"/>
			<option display="Average two samples" id="module.driver.adc.add_average_count.add_average_two" value="ADC_ADD_AVERAGE_TWO"/>
			<option display="Average four samples" id="module.driver.adc.add_average_count.add_average_four" value="ADC_ADD_AVERAGE_FOUR"/>
		</property>
        <property default="module.driver.adc.add_mask.default" display="Addition/Averaging Mask (channel availability varies by MCU)" id="module.driver.adc.add_mask" description="">
			<option display="Select channels to perform addition/averaging below" id="module.driver.adc.add_mask.default" value="ADC_MASK_ADD_OFF"/>
        </property>
		<property default="module.driver.adc.add_mask.channel_0.unused" display="    Channel 0" id="module.driver.adc.add_mask.channel_0" description="Specify if this channel is included in the Addition/Averaging Mask">
			 <option display="Disabled" id="module.driver.adc.add_mask.channel_0.unused" value="0"/>
			 <option display="Enabled" id="module.driver.adc.add_mask.channel_0.used" value="ADC_MASK_CHANNEL_0"/>
		</property>
		<property default="module.driver.adc.add_mask.channel_1.unused" display="    Channel 1" id="module.driver.adc.add_mask.channel_1" description="Specify if this channel is included in the Addition/Averaging Mask">
			 <option display="Disabled" id="module.driver.adc.add_mask.channel_1.unused" value="0"/>
			 <option display="Enabled" id="module.driver.adc.add_mask.channel_1.used" value="ADC_MASK_CHANNEL_1"/>
		</property>
		<property default="module.driver.adc.add_mask.channel_2.unused" display="    Channel 2" id="module.driver.adc.add_mask.channel_2" description="Specify if this channel is included in the Addition/Averaging Mask">
			 <option display="Disabled" id="module.driver.adc.add_mask.channel_2.unused" value="0"/>
			 <option display="Enabled" id="module.driver.adc.add_mask.channel_2.used" value="ADC_MASK_CHANNEL_2"/>
		</property>
		<property default="module.driver.adc.add_mask.channel_3.unused" display="    Channel 3" id="module.driver.adc.add_mask.channel_3" description="Specify if this channel is included in the Addition/Averaging Mask">
			 <option display="Disabled" id="module.driver.adc.add_mask.channel_3.unused" value="0"/>
			 <option display="Enabled" id="module.driver.adc.add_mask.channel_3.used" value="ADC_MASK_CHANNEL_3"/>
		</property>
		<property default="module.driver.adc.add_mask.channel_4.unused" display="    Channel 4" id="module.driver.adc.add_mask.channel_4" description="Specify if this channel is included in the Addition/Averaging Mask">
			 <option display="Disabled" id="module.driver.adc.add_mask.channel_4.unused" value="0"/>
			 <option display="Enabled" id="module.driver.adc.add_mask.channel_4.used" value="ADC_MASK_CHANNEL_4"/>
		</property>
		<property default="module.driver.adc.add_mask.channel_5.unused" display="    Channel 5" id="module.driver.adc.add_mask.channel_5" description="Specify if this channel is included in the Addition/Averaging Mask">
			 <option display="Disabled" id="module.driver.adc.add_mask.channel_5.unused" value="0"/>
			 <option display="Enabled" id="module.driver.adc.add_mask.channel_5.used" value="ADC_MASK_CHANNEL_5"/>
		</property>
        <property default="module.driver.adc.add_mask.channel_6.unused" display="    Channel 6" id="module.driver.adc.add_mask.channel_6" description="Specify if this channel is included in the Addition/Averaging Mask">
			 <option display="Disabled" id="module.driver.adc.add_mask.channel_6.unused" value="0"/>
			 <option display="Enabled" id="module.driver.adc.add_mask.channel_6.used" value="ADC_MASK_CHANNEL_6"/>
		</property>
        <property default="module.driver.adc.add_mask.channel_7.unused" display="    Channel 7" id="module.driver.adc.add_mask.channel_7" description="Specify if this channel is included in the Addition/Averaging Mask">
			 <option display="Disabled" id="module.driver.adc.add_mask.channel_7.unused" value="0"/>
			 <option display="Enabled" id="module.driver.adc.add_mask.channel_7.used" value="ADC_MASK_CHANNEL_7"/>
		</property>
        <property default="module.driver.adc.add_mask.channel_8.unused" display="    Channel 8" id="module.driver.adc.add_mask.channel_8" description="Specify if this channel is included in the Addition/Averaging Mask">
			 <option display="Disabled" id="module.driver.adc.add_mask.channel_8.unused" value="0"/>
			 <option display="Enabled" id="module.driver.adc.add_mask.channel_8.used" value="ADC_MASK_CHANNEL_8"/>
		</property>
        <property default="module.driver.adc.add_mask.channel_9.unused" display="    Channel 9" id="module.driver.adc.add_mask.channel_9" description="Specify if this channel is included in the Addition/Averaging Mask">
			 <option display="Disabled" id="module.driver.adc.add_mask.channel_9.unused" value="0"/>
			 <option display="Enabled" id="module.driver.adc.add_mask.channel_9.used" value="ADC_MASK_CHANNEL_9"/>
		</property>
        <property default="module.driver.adc.add_mask.channel_10.unused" display="    Channel 10" id="module.driver.adc.add_mask.channel_10" description="Specify if this channel is included in the Addition/Averaging Mask">
			 <option display="Disabled" id="module.driver.adc.add_mask.channel_10.unused" value="0"/>
			 <option display="Enabled" id="module.driver.adc.add_mask.channel_10.used" value="ADC_MASK_CHANNEL_10"/>
		</property>
        <property default="module.driver.adc.add_mask.channel_11.unused" display="    Channel 11" id="module.driver.adc.add_mask.channel_11" description="Specify if this channel is included in the Addition/Averaging Mask">
			 <option display="Disabled" id="module.driver.adc.add_mask.channel_11.unused" value="0"/>
			 <option display="Enabled" id="module.driver.adc.add_mask.channel_11.used" value="ADC_MASK_CHANNEL_11"/>
		</property>
        <property default="module.driver.adc.add_mask.channel_12.unused" display="    Channel 12" id="module.driver.adc.add_mask.channel_12" description="Specify if this channel is included in the Addition/Averaging Mask">
			 <option display="Disabled" id="module.driver.adc.add_mask.channel_12.unused" value="0"/>
			 <option display="Enabled" id="module.driver.adc.add_mask.channel_12.used" value="ADC_MASK_CHANNEL_12"/>
		</property>
        <property default="module.driver.adc.add_mask.channel_13.unused" display="    Channel 13" id="module.driver.adc.add_mask.channel_13" description="Specify if this channel is included in the Addition/Averaging Mask">
			 <option display="Disabled" id="module.driver.adc.add_mask.channel_13.unused" value="0"/>
			 <option display="Enabled" id="module.driver.adc.add_mask.channel_13.used" value="ADC_MASK_CHANNEL_13"/>
		</property>
        <property default="module.driver.adc.add_mask.channel_14.unused" display="    Channel 14" id="module.driver.adc.add_mask.channel_14" description="Specify if this channel is included in the Addition/Averaging Mask">
			 <option display="Disabled" id="module.driver.adc.add_mask.channel_14.unused" value="0"/>
			 <option display="Enabled" id="module.driver.adc.add_mask.channel_14.used" value="ADC_MASK_CHANNEL_14"/>
		</property>
        <property default="module.driver.adc.add_mask.channel_15.unused" display="    Channel 15" id="module.driver.adc.add_mask.channel_15" description="Specify if this channel is included in the Addition/Averaging Mask">
			 <option display="Disabled" id="module.driver.adc.add_mask.channel_15.unused" value="0"/>
			 <option display="Enabled" id="module.driver.adc.add_mask.channel_15.used" value="ADC_MASK_CHANNEL_15"/>
		</property>
		<property default="module.driver.adc.add_mask.channel_16.unused" display="    Channel 16" id="module.driver.adc.add_mask.channel_16" description="Specify if this channel is included in the Addition/Averaging Mask">
			 <option display="Disabled" id="module.driver.adc.add_mask.channel_16.unused" value="0"/>
			 <option display="Enabled" id="module.driver.adc.add_mask.channel_16.used" value="ADC_MASK_CHANNEL_16"/>
		</property>
		<property default="module.driver.adc.add_mask.channel_17.unused" display="    Channel 17" id="module.driver.adc.add_mask.channel_17" description="Specify if this channel is included in the Addition/Averaging Mask">
			 <option display="Disabled" id="module.driver.adc.add_mask.channel_17.unused" value="0"/>
			 <option display="Enabled" id="module.driver.adc.add_mask.channel_17.used" value="ADC_MASK_CHANNEL_17"/>
		</property>
		<property default="module.driver.adc.add_mask.channel_18.unused" display="    Channel 18" id="module.driver.adc.add_mask.channel_18" description="Specify if this channel is included in the Addition/Averaging Mask">
			 <option display="Disabled" id="module.driver.adc.add_mask.channel_18.unused" value="0"/>
			 <option display="Enabled" id="module.driver.adc.add_mask.channel_18.used" value="ADC_MASK_CHANNEL_18"/>
		</property>
		<property default="module.driver.adc.add_mask.channel_19.unused" display="    Channel 19" id="module.driver.adc.add_mask.channel_19" description="Specify if this channel is included in the Addition/Averaging Mask">
			 <option display="Disabled" id="module.driver.adc.add_mask.channel_19.unused" value="0"/>
			 <option display="Enabled" id="module.driver.adc.add_mask.channel_19.used" value="ADC_MASK_CHANNEL_19"/>
		</property>
		<property default="module.driver.adc.add_mask.channel_20.unused" display="    Channel 20" id="module.driver.adc.add_mask.channel_20" description="Specify if this channel is included in the Addition/Averaging Mask">
			 <option display="Disabled" id="module.driver.adc.add_mask.channel_20.unused" value="0"/>
			 <option display="Enabled" id="module.driver.adc.add_mask.channel_20.used" value="ADC_MASK_CHANNEL_20"/>
		</property>
		<property default="module.driver.adc.add_mask.channel_21.unused" display="    Channel 21" id="module.driver.adc.add_mask.channel_21" description="Specify if this channel is included in the Addition/Averaging Mask">
			 <option display="Disabled" id="module.driver.adc.add_mask.channel_21.unused" value="0"/>
			 <option display="Enabled" id="module.driver.adc.add_mask.channel_21.used" value="ADC_MASK_CHANNEL_21"/>
		</property>
        <property default="module.driver.adc.add_mask.channel_22.unused" display="    Channel 22" id="module.driver.adc.add_mask.channel_22" description="Specify if this channel is included in the Addition/Averaging Mask">
			 <option display="Disabled" id="module.driver.adc.add_mask.channel_22.unused" value="0"/>
			 <option display="Enabled" id="module.driver.adc.add_mask.channel_22.used" value="ADC_MASK_CHANNEL_22"/>
		</property>
        <property default="module.driver.adc.add_mask.channel_23.unused" display="    Channel 23" id="module.driver.adc.add_mask.channel_23" description="Specify if this channel is included in the Addition/Averaging Mask">
			 <option display="Disabled" id="module.driver.adc.add_mask.channel_23.unused" value="0"/>
			 <option display="Enabled" id="module.driver.adc.add_mask.channel_23.used" value="ADC_MASK_CHANNEL_23"/>
		</property>
        <property default="module.driver.adc.add_mask.channel_24.unused" display="    Channel 24" id="module.driver.adc.add_mask.channel_24" description="Specify if this channel is included in the Addition/Averaging Mask">
			 <option display="Disabled" id="module.driver.adc.add_mask.channel_24.unused" value="0"/>
			 <option display="Enabled" id="module.driver.adc.add_mask.channel_24.used" value="ADC_MASK_CHANNEL_24"/>
		</property>
        <property default="module.driver.adc.add_mask.channel_25.unused" display="    Channel 25" id="module.driver.adc.add_mask.channel_25" description="Specify if this channel is included in the Addition/Averaging Mask">
			 <option display="Disabled" id="module.driver.adc.add_mask.channel_25.unused" value="0"/>
			 <option display="Enabled" id="module.driver.adc.add_mask.channel_25.used" value="ADC_MASK_CHANNEL_25"/>
		</property>
        <property default="module.driver.adc.add_mask.channel_26.unused" display="    Channel 26" id="module.driver.adc.add_mask.channel_26" description="Specify if this channel is included in the Addition/Averaging Mask">
			 <option display="Disabled" id="module.driver.adc.add_mask.channel_26.unused" value="0"/>
			 <option display="Enabled" id="module.driver.adc.add_mask.channel_26.used" value="ADC_MASK_CHANNEL_26"/>
		</property>
        <property default="module.driver.adc.add_mask.channel_27.unused" display="    Channel 27" id="module.driver.adc.add_mask.channel_27" description="Specify if this channel is included in the Addition/Averaging Mask">
			 <option display="Disabled" id="module.driver.adc.add_mask.channel_27.unused" value="0"/>
			 <option display="Enabled" id="module.driver.adc.add_mask.channel_27.used" value="ADC_MASK_CHANNEL_27"/>
		</property>
		<property default="module.driver.adc.add_mask.channel_temperature.unused" display="    Temperature Sensor" id="module.driver.adc.add_mask.channel_temperature" description="Specify if this channel is included in the Addition/Averaging Mask">
			 <option display="Disabled" id="module.driver.adc.add_mask.channel_temperature.unused" value="0"/>
			 <option display="Enabled" id="module.driver.adc.add_mask.channel_temperature.used" value="ADC_MASK_TEMPERATURE"/>
		</property>
		<property default="module.driver.adc.add_mask.channel_voltage.unused" display="    Voltage Sensor" id="module.driver.adc.add_mask.channel_voltage" description="Specify if this channel is included in the Addition/Averaging Mask">
			 <option display="Disabled" id="module.driver.adc.add_mask.channel_voltage.unused" value="0"/>
			 <option display="Enabled" id="module.driver.adc.add_mask.channel_voltage.used" value="ADC_MASK_VOLT"/>
		</property>
		<property default="module.driver.adc.sample_hold_mask.default" display="Sample and Hold Mask (Available only on selected MCUs)" id="module.driver.adc.sample_hold_mask" description="">
			<option display="Select channels for which individual sample and hold circuit is to be enabled" id="module.driver.adc.sample_hold_mask.default" value="ADC_MASK_SAMPLE_HOLD_OFF"/>
        </property>
		<property default="module.driver.adc.sample_hold_mask.channel_0.unused" display="    Channel 0" id="module.driver.adc.sample_hold_mask.channel_0" description="Specifies if this channel is included in the Sample and Hold Mask.">
			 <option display="Disabled" id="module.driver.adc.sample_hold_mask.channel_0.unused" value="0"/>
			 <option display="Enabled" id="module.driver.adc.sample_hold_mask.channel_0.used" value="ADC_MASK_CHANNEL_0"/>
		</property>
		<property default="module.driver.adc.sample_hold_mask.channel_1.unused" display="    Channel 1" id="module.driver.adc.sample_hold_mask.channel_1" description="Specifies if this channel is included in the Sample and Hold Mask.">
			 <option display="Disabled" id="module.driver.adc.sample_hold_mask.channel_1.unused" value="0"/>
			 <option display="Enabled" id="module.driver.adc.sample_hold_mask.channel_1.used" value="ADC_MASK_CHANNEL_1"/>
		</property>
		<property default="module.driver.adc.sample_hold_mask.channel_2.unused" display="    Channel 2" id="module.driver.adc.sample_hold_mask.channel_2" description="Specifies if this channel is included in the Sample and Hold Mask.">
			 <option display="Disabled" id="module.driver.adc.sample_hold_mask.channel_2.unused" value="0"/>
			 <option display="Enabled" id="module.driver.adc.sample_hold_mask.channel_2.used" value="ADC_MASK_CHANNEL_2"/>
		</property>
		<property default="24" display="Sample Hold States (Applies only to the 3 channels selected above)" id="module.driver.adc.sample_hold_states" description="Specifies the updated sample-and-hold count for the channel dedicated sample-and-hold circuit">
			<constraint display="Value must be a non-negative integer">testInteger("${module.driver.adc.sample_hold_states}")  &amp;&amp; ("${module.driver.adc.sample_hold_states}" &gt;= 0)</constraint>
           </property>
        <property default="NULL" display="Callback" id="module.driver.adc.p_callback" description="A user callback function. If this callback function is provided, it is called from the interrupt service routine (ISR) each time the ADC scan completes.">
			<constraint display="Name must be a valid C symbol">testSymbol("${module.driver.adc.p_callback}")</constraint>
        </property>
        <property default="" display="Scan End Interrupt Priority" id="module.driver.adc.scan_end_ipl" description="Select scan end interrupt priority.">
            <select enum="enum.mcu.nvic.priorities.optional"/>
        </property>
        <property default="" display="Scan End Group B Interrupt Priority" id="module.driver.adc.scan_end_b_ipl" description="Select group B scan end interrupt priority.">
            <select enum="enum.mcu.nvic.priorities.optional"/>
        </property>
        <header>
            /** ADC on ADC Instance. */
            extern const adc_instance_t ${module.driver.adc.name};
            #ifndef ${module.driver.adc.p_callback}
            void ${module.driver.adc.p_callback}(adc_callback_args_t * p_args);
            #endif
        </header>
		<includes>
#include &quot;r_adc.h&quot;
#include &quot;r_adc_api.h&quot;</includes>
		<declarations>
#if ${module.driver.adc.scan_end_ipl} != BSP_IRQ_DISABLED
#if !defined(SSP_SUPPRESS_ISR_${module.driver.adc.name}) &amp;&amp; !defined(SSP_SUPPRESS_ISR_ADC${module.driver.adc.unit})
SSP_VECTOR_DEFINE_CHAN(adc_scan_end_isr, ADC, SCAN_END, ${module.driver.adc.unit});
#endif
#endif
#if ${module.driver.adc.scan_end_b_ipl} != BSP_IRQ_DISABLED
#if !defined(SSP_SUPPRESS_ISR_${module.driver.adc.name}) &amp;&amp; !defined(SSP_SUPPRESS_ISR_ADC${module.driver.adc.unit})
SSP_VECTOR_DEFINE_CHAN(adc_scan_end_b_isr, ADC, SCAN_END_B, ${module.driver.adc.unit});
#endif
#endif
adc_instance_ctrl_t ${module.driver.adc.name}_ctrl;
const adc_cfg_t ${module.driver.adc.name}_cfg =
{
    .unit                = ${module.driver.adc.unit},
    .mode                = ${module.driver.adc.mode},
    .resolution          = ${module.driver.adc.resolution},
    .alignment           = ${module.driver.adc.alignment},
    .add_average_count   = ${module.driver.adc.add_average_count},
    .clearing            = ${module.driver.adc.clearing},
    .trigger             = ${module.driver.adc.trigger},
    .trigger_group_b     = ${module.driver.adc.trigger_group_b},
    .p_callback          = ${module.driver.adc.p_callback},
    .p_context           = &amp;${module.driver.adc.name},
    .scan_end_ipl        = ${module.driver.adc.scan_end_ipl},
    .scan_end_b_ipl      = ${module.driver.adc.scan_end_b_ipl},
    .calib_adc_skip      = ${module.driver.adc.skip_internal_calibration},
};
const adc_channel_cfg_t ${module.driver.adc.name}_channel_cfg =
{
    .scan_mask           = (uint32_t)((${module.driver.adc.channel_0}) | (${module.driver.adc.channel_1}) | (${module.driver.adc.channel_2}) | (${module.driver.adc.channel_3}) | (${module.driver.adc.channel_4}) | (${module.driver.adc.channel_5}) | (${module.driver.adc.channel_6}) | (${module.driver.adc.channel_7}) | (${module.driver.adc.channel_8}) | (${module.driver.adc.channel_9}) | (${module.driver.adc.channel_10}) | (${module.driver.adc.channel_11}) | (${module.driver.adc.channel_12}) | (${module.driver.adc.channel_13}) | (${module.driver.adc.channel_14}) | (${module.driver.adc.channel_15}) | (${module.driver.adc.channel_16}) | (${module.driver.adc.channel_17}) | (${module.driver.adc.channel_18}) | (${module.driver.adc.channel_19}) | (${module.driver.adc.channel_20}) | (${module.driver.adc.channel_21}) | (${module.driver.adc.channel_22}) | (${module.driver.adc.channel_23}) | (${module.driver.adc.channel_24}) | (${module.driver.adc.channel_25}) | (${module.driver.adc.channel_26}) | (${module.driver.adc.channel_27}) | (${module.driver.adc.channel_temperature}) | (${module.driver.adc.channel_voltage})),
	/** Group B channel mask is right shifted by 32 at the end to form the proper mask */
	.scan_mask_group_b   = (uint32_t)(((${module.driver.adc.channel_0}) | (${module.driver.adc.channel_1}) | (${module.driver.adc.channel_2}) | (${module.driver.adc.channel_3}) | (${module.driver.adc.channel_4}) | (${module.driver.adc.channel_5}) | (${module.driver.adc.channel_6}) | (${module.driver.adc.channel_7}) | (${module.driver.adc.channel_8}) | (${module.driver.adc.channel_9}) | (${module.driver.adc.channel_10}) | (${module.driver.adc.channel_11}) | (${module.driver.adc.channel_12}) | (${module.driver.adc.channel_13}) | (${module.driver.adc.channel_14}) | (${module.driver.adc.channel_15}) | (${module.driver.adc.channel_16}) | (${module.driver.adc.channel_17}) | (${module.driver.adc.channel_18}) | (${module.driver.adc.channel_19}) | (${module.driver.adc.channel_20}) | (${module.driver.adc.channel_21}) | (${module.driver.adc.channel_22}) | (${module.driver.adc.channel_23}) | (${module.driver.adc.channel_24}) | (${module.driver.adc.channel_25}) | (${module.driver.adc.channel_26}) | (${module.driver.adc.channel_27}) | (${module.driver.adc.channel_temperature}) | (${module.driver.adc.channel_voltage})) >> 32),
	.priority_group_a    = ${module.driver.adc.priority_group_a},
	.add_mask            = (uint32_t)((${module.driver.adc.add_mask.channel_0}) | (${module.driver.adc.add_mask.channel_1}) | (${module.driver.adc.add_mask.channel_2}) | (${module.driver.adc.add_mask.channel_3}) | (${module.driver.adc.add_mask.channel_4}) | (${module.driver.adc.add_mask.channel_5}) | (${module.driver.adc.add_mask.channel_6}) | (${module.driver.adc.add_mask.channel_7}) | (${module.driver.adc.add_mask.channel_8})| (${module.driver.adc.add_mask.channel_9}) | (${module.driver.adc.add_mask.channel_10})| (${module.driver.adc.add_mask.channel_11}) | (${module.driver.adc.add_mask.channel_12}) | (${module.driver.adc.add_mask.channel_13}) | (${module.driver.adc.add_mask.channel_14}) | (${module.driver.adc.add_mask.channel_15}) | (${module.driver.adc.add_mask.channel_16}) | (${module.driver.adc.add_mask.channel_17}) | (${module.driver.adc.add_mask.channel_18}) | (${module.driver.adc.add_mask.channel_19}) | (${module.driver.adc.add_mask.channel_20}) | (${module.driver.adc.add_mask.channel_21}) | (${module.driver.adc.add_mask.channel_22}) | (${module.driver.adc.add_mask.channel_23}) | (${module.driver.adc.add_mask.channel_24}) | (${module.driver.adc.add_mask.channel_25}) | (${module.driver.adc.add_mask.channel_26}) | (${module.driver.adc.add_mask.channel_27}) | (${module.driver.adc.add_mask.channel_temperature}) | (${module.driver.adc.add_mask.channel_voltage})),
	.sample_hold_mask    = (uint32_t)((${module.driver.adc.sample_hold_mask.channel_0}) | (${module.driver.adc.sample_hold_mask.channel_1}) | (${module.driver.adc.sample_hold_mask.channel_2})),
	.sample_hold_states  = ${module.driver.adc.sample_hold_states},
};
/* Instance structure to use this module. */
const adc_instance_t ${module.driver.adc.name} = 
{
	.p_ctrl 	   = &amp;${module.driver.adc.name}_ctrl,
	.p_cfg  	   = &amp;${module.driver.adc.name}_cfg,
	.p_channel_cfg = &amp;${module.driver.adc.name}_channel_cfg,
	.p_api  	   = &amp;g_adc_on_adc
};
</declarations>
	</module>
</synergyModuleDescription>
