﻿<?xml version="1.0" ?>
<synergyModuleDescription>
	<config id="config.driver.sci_i2c" path="ssp_cfg/driver/r_sci_i2c_cfg.h" version="0">
		<property default="config.driver.sci_i2c.param_checking_enable.bsp" display="Parameter Checking" id="config.driver.sci_i2c.param_checking_enable" description="If selected code for parameter checking is included in the build.">
		    <option display="Default (BSP)" id="config.driver.sci_i2c.param_checking_enable.bsp" value="(BSP_CFG_PARAM_CHECKING_ENABLE)"/>
			<option display="Enabled" id="config.driver.sci_i2c.param_checking_enable.enabled" value="(1)"/>
			<option display="Disabled" id="config.driver.sci_i2c.param_checking_enable.disabled" value="(0)"/>
		</property>
		<content>#define SCI_SIIC_CFG_PREREQUISITE_CHECKING_ENABLE 1
#define SCI_SIIC_CFG_PARAM_CHECKING_ENABLE ${config.driver.sci_i2c.param_checking_enable}
</content>
	</config>
	<module config="config.driver.sci_i2c" display="Driver|Connectivity|${module.driver.i2c.name} I2C Master Driver on r_sci_i2c" id="module.driver.i2c_on_sci_i2c" version="1" url="https://knowledgebase.renesas.com/English_Content/Renesas_Synergy%E2%84%A2_Platform/Renesas_Synergy_Knowledge_Base/r_sci_i2c_Module_Guide_Resources">
		<constraint display="Unique name required for each instance">
            "${interface.driver.i2c.${module.driver.i2c.name}}" === "1"
	    </constraint>
        <constraint display="Requires SCI Peripheral">
          "${interface.mcu.sci.external}" === "1"
        </constraint>
        <requires id="module.driver.i2c_on_sci_i2c.requires.sci" interface="interface.mcu.sci.external" visible="false" display="Requires SCI Peripheral" />
		<requires id="module.driver.i2c_on_sci_i2c.requires.transfer_tx" interface="interface.driver.transfer_on_dtc" display="Add DTC Driver for Transmission [Recommended but optional]">
		<override property="module.driver.transfer.size" value="module.driver.transfer.size.size_1_byte"/>
		<override property="module.driver.transfer.mode" value="module.driver.transfer.mode.mode_normal"/>
		<override property="module.driver.transfer.dest_addr_mode" value="module.driver.transfer.dest_addr_mode.addr_mode_fixed"/>
		<override property="module.driver.transfer.src_addr_mode" value="module.driver.transfer.src_addr_mode.addr_mode_incremented"/>
		<override property="module.driver.transfer.repeat_area" value="module.driver.transfer.repeat_area.repeat_area_source"/>
		<override property="module.driver.transfer.p_dest" value="NULL"/>
		<override property="module.driver.transfer.p_src" value="NULL"/>
		<override property="module.driver.transfer.length" value="0"/>
		<override property="module.driver.transfer.interrupt" value="module.driver.transfer.interrupt.interrupt_end"/>
		<override property="module.driver.transfer.num_blocks" value="0"/>
		<override property="module.driver.transfer.auto_enable" value="module.driver.transfer.auto_enable.false"/>
		<override property="module.driver.transfer.p_callback" value="NULL"/>
		<override property="module.driver.transfer.activation_source" value="module.driver.transfer.event.event_sci${module.driver.i2c.channel}_txi"/>
	    </requires>
        <requires id="module.driver.i2c_on_sci_i2c.requires.transfer_rx" interface="interface.driver.transfer_on_dtc" display="Add DTC Driver for Reception [Recommended but optional]">
		<override property="module.driver.transfer.size" value="module.driver.transfer.size.size_1_byte"/>
		<override property="module.driver.transfer.mode" value="module.driver.transfer.mode.mode_normal"/>
		<override property="module.driver.transfer.dest_addr_mode" value="module.driver.transfer.dest_addr_mode.addr_mode_incremented"/>
		<override property="module.driver.transfer.src_addr_mode" value="module.driver.transfer.src_addr_mode.addr_mode_fixed"/>
		<override property="module.driver.transfer.repeat_area" value="module.driver.transfer.repeat_area.repeat_area_destination"/>
		<override property="module.driver.transfer.p_dest" value="NULL"/>
		<override property="module.driver.transfer.p_src" value="NULL"/>
		<override property="module.driver.transfer.length" value="0"/>
		<override property="module.driver.transfer.interrupt" value="module.driver.transfer.interrupt.interrupt_end"/>
		<override property="module.driver.transfer.num_blocks" value="0"/>
		<override property="module.driver.transfer.auto_enable" value="module.driver.transfer.auto_enable.false"/>
		<override property="module.driver.transfer.p_callback" value="NULL"/>
		<override property="module.driver.transfer.activation_source" value="module.driver.transfer.event.event_sci${module.driver.i2c.channel}_rxi"/>
		</requires>
        <provides interface="interface.driver.i2c" />
        <provides interface="interface.driver.i2c_on_sci_i2c" />
        <provides interface="interface.driver.i2c.${module.driver.i2c.name}" />
        <property default="g_i2c${_instance}" display="Name" id="module.driver.i2c.name" description="Module name.">
			<constraint display="Name must be a valid C symbol">testSymbol("${module.driver.i2c.name}")</constraint>
        </property>
        <property default="sci" id="module.driver.i2c.i2c_interface" description=""/> 
		<property default="0" display="Channel" id="module.driver.i2c.channel" description="Select the SCI channel.">
			<constraint display="Value must be an integer between 0 and 9">testInteger("${module.driver.i2c.channel}")  &amp;&amp; ("${module.driver.i2c.channel}" &gt;= 0) &amp;&amp; ("${module.driver.i2c.channel}" &lt;= 9)</constraint>
		</property>
		<property default="module.driver.i2c.rate.rate_standard" display="Rate" id="module.driver.i2c.rate" description="Select the I2C data rate.">
			<option display="Standard" id="module.driver.i2c.rate.rate_standard" value="I2C_RATE_STANDARD"/>
			<option display="Fast-mode" id="module.driver.i2c.rate.rate_fast" value="I2C_RATE_FAST"/>
		</property>
		<property default="0x00" display="Slave Address " id="module.driver.i2c.slave" description="Specify the slave address.">
			<constraint display="Value must be a hex value">testInteger("${module.driver.i2c.slave}")  &amp;&amp; ("${module.driver.i2c.slave}" &gt;= 0)</constraint>
        </property>
		<property default="module.driver.i2c.addr_mode.addr_mode_7bit" display="Address Mode" id="module.driver.i2c.addr_mode" description="Select the address mode.">
			<option display="7-Bit" id="module.driver.i2c.addr_mode.addr_mode_7bit" value="I2C_ADDR_MODE_7BIT"/>
			<option display="10-Bit" id="module.driver.i2c.addr_mode.addr_mode_10bit" value="I2C_ADDR_MODE_10BIT"/>
		</property>
		<property default="300" display="SDA Output Delay (nano seconds)" id="module.driver.i2c.sda_delay" description="Specify the SDA output delay in nano seconds.">
			<constraint display="Value must be an integer between 0 and 1000">testInteger("${module.driver.i2c.sda_delay}")  &amp;&amp; ("${module.driver.i2c.sda_delay}" &gt;= 0) &amp;&amp; ("${module.driver.i2c.sda_delay}" &lt;= 1000)</constraint>
		</property>
        <property default="module.driver.i2c.bitrate_modulation.true" display="Bit Rate Modulation Enable" id="module.driver.i2c.bitrate_modulation" description="Enable the I2C bitrate modulation.">
            <option display="Enable" id="module.driver.i2c.bitrate_modulation.true" value="true"/>
            <option display="Disable" id="module.driver.i2c.bitrate_modulation.false" value="false"/>
        </property>
        <property default="NULL" display="Callback" id="module.driver.i2c.p_callback" description="A user callback function can be provided. If this callback function is provided, it will be called from the interrupt service routine (ISR).">
			<constraint display="Name must be a valid C symbol">testSymbol("${module.driver.i2c.p_callback}")</constraint>
        </property>
        <property default="" display="Receive Interrupt Priority" id="module.driver.i2c.rxi_ipl" description="Select the receive interrupt priority.">
            <select enum="enum.mcu.nvic.priorities.mandatory"/>
        </property>
        <property default="" display="Transmit Interrupt Priority" id="module.driver.i2c.txi_ipl" description="Select the transmit interrupt priority.">
            <select enum="enum.mcu.nvic.priorities.mandatory"/>
        </property>
        <property default="" display="Transmit End Interrupt Priority" id="module.driver.i2c.tei_ipl" description="Select the transmit end interrupt priority.">
            <select enum="enum.mcu.nvic.priorities.mandatory"/>
        </property>
        <!-- Hidden fixed properties -->
        <property default="BSP_IRQ_DISABLED" id="module.driver.i2c.eri_ipl" description=""/>
        <header>
		extern const i2c_cfg_t ${module.driver.i2c.name}_cfg;
            /** I2C on SCI Instance. */
            extern const i2c_master_instance_t ${module.driver.i2c.name};
#ifndef ${module.driver.i2c.p_callback}
void ${module.driver.i2c.p_callback}(i2c_callback_args_t * p_args);
#endif

extern const sci_i2c_extended_cfg ${module.driver.i2c.name}_cfg_extend;
extern sci_i2c_instance_ctrl_t ${module.driver.i2c.name}_ctrl;
#define SYNERGY_NOT_DEFINED (1)            
#if (SYNERGY_NOT_DEFINED == ${module.driver.i2c_on_sci_i2c.requires.transfer_tx::module.driver.transfer.name})
    #define ${module.driver.i2c.name}_P_TRANSFER_TX (NULL)
#else
    #define ${module.driver.i2c.name}_P_TRANSFER_TX (&amp;${module.driver.i2c_on_sci_i2c.requires.transfer_tx::module.driver.transfer.name})
#endif
#if (SYNERGY_NOT_DEFINED == ${module.driver.i2c_on_sci_i2c.requires.transfer_rx::module.driver.transfer.name})
    #define ${module.driver.i2c.name}_P_TRANSFER_RX (NULL)
#else
    #define ${module.driver.i2c.name}_P_TRANSFER_RX (&amp;${module.driver.i2c_on_sci_i2c.requires.transfer_rx::module.driver.transfer.name})
#endif
#undef SYNERGY_NOT_DEFINED
#define ${module.driver.i2c.name}_P_EXTEND (&amp;${module.driver.i2c.name}_cfg_extend)

        </header>
		<includes>
#include &quot;r_sci_i2c.h&quot;
#include &quot;r_i2c_api.h&quot;</includes>
		<declarations>
#if !defined(SSP_SUPPRESS_ISR_${module.driver.i2c.name}) &amp;&amp; !defined(SSP_SUPPRESS_ISR_SCI${module.driver.i2c.channel})
SSP_VECTOR_DEFINE_CHAN(sci_i2c_rxi_isr, SCI, RXI, ${module.driver.i2c.channel});
#endif
#if !defined(SSP_SUPPRESS_ISR_${module.driver.i2c.name}) &amp;&amp; !defined(SSP_SUPPRESS_ISR_SCI${module.driver.i2c.channel})
SSP_VECTOR_DEFINE_CHAN(sci_i2c_txi_isr, SCI, TXI, ${module.driver.i2c.channel});
#endif
#if !defined(SSP_SUPPRESS_ISR_${module.driver.i2c.name}) &amp;&amp; !defined(SSP_SUPPRESS_ISR_SCI${module.driver.i2c.channel})
SSP_VECTOR_DEFINE_CHAN(sci_i2c_tei_isr, SCI, TEI, ${module.driver.i2c.channel});
#endif
sci_i2c_instance_ctrl_t ${module.driver.i2c.name}_ctrl;

/** I2C extended configuration */
const sci_i2c_extended_cfg ${module.driver.i2c.name}_cfg_extend =
{
    .bitrate_modulation  = ${module.driver.i2c.bitrate_modulation}
};

const i2c_cfg_t ${module.driver.i2c.name}_cfg =
{
    .channel             = ${module.driver.i2c.channel},
    .rate                = ${module.driver.i2c.rate},
    .slave               = ${module.driver.i2c.slave},
    .addr_mode           = ${module.driver.i2c.addr_mode},
	.sda_delay           = ${module.driver.i2c.sda_delay},
#define SYNERGY_NOT_DEFINED (1)            
#if (SYNERGY_NOT_DEFINED == ${module.driver.i2c_on_sci_i2c.requires.transfer_tx::module.driver.transfer.name})
    .p_transfer_tx       = NULL,
#else
    .p_transfer_tx       = &amp;${module.driver.i2c_on_sci_i2c.requires.transfer_tx::module.driver.transfer.name},
#endif
#if (SYNERGY_NOT_DEFINED == ${module.driver.i2c_on_sci_i2c.requires.transfer_rx::module.driver.transfer.name})
    .p_transfer_rx       = NULL,
#else
    .p_transfer_rx       = &amp;${module.driver.i2c_on_sci_i2c.requires.transfer_rx::module.driver.transfer.name},
#endif
#undef SYNERGY_NOT_DEFINED
    .p_callback          = ${module.driver.i2c.p_callback},
    .p_context           = (void *)&amp;${module.driver.i2c.name},
    .rxi_ipl             = ${module.driver.i2c.rxi_ipl},
    .txi_ipl             = ${module.driver.i2c.txi_ipl},
    .tei_ipl             = ${module.driver.i2c.tei_ipl},
    .eri_ipl             = BSP_IRQ_DISABLED,
    .p_extend            = &amp;${module.driver.i2c.name}_cfg_extend,
};
/* Instance structure to use this module. */
const i2c_master_instance_t ${module.driver.i2c.name} = 
{
    .p_ctrl        = &amp;${module.driver.i2c.name}_ctrl,
    .p_cfg         = &amp;${module.driver.i2c.name}_cfg,
    .p_api         = &amp;g_i2c_master_on_sci
};

</declarations>
	</module>
</synergyModuleDescription>
