﻿<?xml version="1.0" ?>
<!-- Created with Liquid XML 2015 Designer Edition 13.2.2.6003 (http://www.liquid-technologies.com) -->
<synergyModuleDescription>
    <config id="config.framework.sf_el_gx" path="ssp_cfg/framework/sf_el_gx_cfg.h" version="0">
        <property default="config.framework.sf_el_gx.param_checking_enable.bsp" display="Parameter Checking" id="config.framework.sf_el_gx.param_checking_enable" description="Selects if code for parameter checking is to be included in the build.">
            <option display="Default (BSP)" id="config.framework.sf_el_gx.param_checking_enable.bsp" value="(BSP_CFG_PARAM_CHECKING_ENABLE)"/>
            <option display="Enabled" id="config.framework.sf_el_gx.param_checking_enable.enabled" value="(1)"/>
            <option display="Disabled" id="config.framework.sf_el_gx.param_checking_enable.disabled" value="(0)"/>
        </property>
        <content>
            #define SF_EL_GX_CFG_PARAM_CHECKING_ENABLE ${config.framework.sf_el_gx.param_checking_enable}
        </content>
    </config>
    <module config="config.framework.sf_el_gx" display="Framework|Graphics|${module.framework.sf_el_gx.name} GUIX Port on sf_el_gx" id="module.framework.sf_el_gx" version="1" url="https://knowledgebase.renesas.com/English_Content/Renesas_Synergy%E2%84%A2_Platform/Renesas_Synergy_Knowledge_Base/sf_el_gx_Module_Guide_Resources">
        <constraint display="Module instances must have unique names">
            "${interface.framework.sf_el_gx.${module.framework.sf_el_gx.name}}" === "1"
        </constraint>
        <requires interface="_rtos" />
        <requires id="module.framework.sf_el_gx.requires.display" interface="interface.driver.display" display="Add Display Driver" >
            <override property="module.driver.display.callback" value= "NULL"/>
        </requires>
        <requires id="module.framework.sf_el_gx.requires.sf_jpeg_decode" interface="interface.framework.sf_jpeg_decode" display="Add JPEG Decode Framework" />
        <requires id="module.framework.sf_el_gx.requires.tes.dave2d" interface="interface.framework.tes.dave2d" display="Add TES D/AVE 2D" />
        <provides interface="interface.framework.sf_el_gx" />
        <provides interface="interface.framework.sf_el_gx_on_sf_el_gx" />
        <provides interface="interface.framework.sf_el_gx.${module.framework.sf_el_gx.name}" />
        <property id="module.framework.sf_el_gx.name" display="Name" default="g_sf_el_gx${_instance}" description="Module name.">
            <constraint display="Name must be a valid C symbol">testSymbol("${module.framework.sf_el_gx.name}")</constraint>
        </property>
        <property id="module.framework.sf_el_gx.display_cfg_inheritance" display="Display Driver Configuration Inheritance" default="module.framework.sf_el_gx.display_cfg_inheritance.layer1" description="Specify which graphics screen is inherited.">
            <option display="Inherit Graphics Screen 1" id="module.framework.sf_el_gx.display_cfg_inheritance.layer1" value="1"/>
            <option display="Inherit Graphics Screen 2" id="module.framework.sf_el_gx.display_cfg_inheritance.layer2" value="2"/>
        </property>
        <property id="module.framework.sf_el_gx.p_callback" display="Name of User Callback function" default="NULL" description="A user callback function can be provided. If this callback function is provided, it will be called when an event occurs.">
            <constraint display="Specifiy the Name of user callback function">testSymbol("${module.framework.sf_el_gx.p_callback}")</constraint>
        </property>
        <property id="module.framework.sf_el_gx.rotation_angle" display="Screen Rotation Angle(Clockwise)" default="module.framework.sf_el_gx.rotation_angle.angle0" description="Select the clockwise screen rotation angle in degrees. If nonzero value is selected, screen rotation is enabled and GUIX draws screen image on a frame buffer, rotating the image with the angle in the counter clockwise way.">
            <option display="0" id="module.framework.sf_el_gx.rotation_angle.angle0" value="0"/>
            <option display="90" id="module.framework.sf_el_gx.rotation_angle.angle_90" value="90"/>
            <option display="180" id="module.framework.sf_el_gx.rotation_angle.angle_180" value="180"/>
            <option display="270" id="module.framework.sf_el_gx.rotation_angle.angle_270" value="270"/>
        </property>
        <property default="module.framework.sf_el_gx.p_canvas.used.false" display="GUIX Canvas Buffer (required if rotation angle is not zero)" id="module.framework.sf_el_gx.p_canvas.used" description="If enabling the screen rotation, a canvas buffer must be used. The size of canvas buffer must be the same as a frame buffer for the display module.">
            <option display="Used" id="module.framework.sf_el_gx.p_canvas.used.true" value="true"/>
            <option display="Not used" id="module.framework.sf_el_gx.p_canvas.used.false" value="false"/>
        </property>
        <property id="module.framework.sf_el_gx.jpegbuffer_size" display="Size of JPEG Work Buffer (valid if JPEG hardware acceleration enabled)" default="768000" description="Specify the JPEG work buffer size in bytes. Value must be a valid integer value and zero is allowed to be set if JPEG acceleration is not used. Larger buffer size shortens the drawing time.">
            <constraint display="Specifiy the Name of JPEG Work Buffer(0 is allowed if JPEG is not used)">testInteger("${module.framework.sf_el_gx.jpegbuffer_size}")</constraint>
        </property>
        <property id="module.framework.sf_el_gx.canvas_section" display="Memory section for GUIX Canvas Buffer" default="sdram" description="Specify the memory section where the GUIX Canvas Buffer will be allocated.">
            <constraint display="This property must be a valid section name">
                testSymbol("${module.framework.sf_el_gx.canvas_section}")
            </constraint>
        </property>
        <property id="module.framework.sf_el_gx.jpegWB_section" display="Memory section for JPEG Work Buffer" default="sdram" description="Specify the memory section where the JPEG Work Buffer will be allocated.">
            <constraint display="This property must be a valid section name">
                testSymbol("${module.framework.sf_el_gx.jpegWB_section}")
            </constraint>
        </property>
        <property default="module.framework.sf_el_gx.dave2d_buffer_cache.enable" display="D/AVE 2D Frame Buffer Cache(Valid if D/AVE 2D Drawing Engine is enabled)" id="module.framework.sf_el_gx.dave2d_buffer_cache" description="If Synergy 2D Drawing Engine (DRW) Support is enabled, the rotation is processed by Synergy DRW with texture mapping. If not enabled, the rotation is processed by software copy.">
            <option display="Enable (Default)" id="module.framework.sf_el_gx.dave2d_buffer_cache.enable" value="true"/>
            <option display="Disable" id="module.framework.sf_el_gx.dave2d_buffer_cache.disable" value="false"/>
        </property>
        <header>
            #ifndef ${module.framework.sf_el_gx.p_callback}
            extern void ${module.framework.sf_el_gx.p_callback}(sf_el_gx_callback_args_t * p_arg);
            #endif
            extern sf_el_gx_instance_t ${module.framework.sf_el_gx.name};
        </header>
        <includes>
            #include &quot;sf_el_gx.h&quot;
        </includes>
        <declarations>

            /** GUIX Canvas Buffer */
            #if ${module.framework.sf_el_gx.p_canvas.used}
            #if (${module.framework.sf_el_gx.display_cfg_inheritance} == 1) /* Inherit Frame Buffer Name from Graphics Screen 1 */
            uint8_t ${module.framework.sf_el_gx.name}_canvas[sizeof(${module.framework.sf_el_gx.requires.display::module.driver.display.name}_${module.framework.sf_el_gx.requires.display::module.driver.display.input0.buffer_name}[0])] BSP_ALIGN_VARIABLE_V2(4) BSP_PLACE_IN_SECTION_V2(&quot;.${module.framework.sf_el_gx.canvas_section}&quot;);
            #else /* Inherit Frame Buffer Name from Graphics Screen 2 */
            uint8_t ${module.framework.sf_el_gx.name}_canvas[sizeof(${module.framework.sf_el_gx.requires.display::module.driver.display.name}_${module.framework.sf_el_gx.requires.display::module.driver.display.input1.buffer_name}[0])] BSP_ALIGN_VARIABLE_V2(4) BSP_PLACE_IN_SECTION_V2(&quot;.${module.framework.sf_el_gx.canvas_section}&quot;);
            #endif
            #endif

            /** JPEG Work Buffer */
            #if GX_USE_SYNERGY_JPEG
            #if (${module.framework.sf_el_gx.jpegbuffer_size})
            uint8_t ${module.framework.sf_el_gx.name}_jpegbuffer[${module.framework.sf_el_gx.jpegbuffer_size}] BSP_ALIGN_VARIABLE_V2(64) BSP_PLACE_IN_SECTION_V2(&quot;.${module.framework.sf_el_gx.jpegWB_section}&quot;);
            #endif
            #endif

            /** GUIX Port module control block instance */
            static sf_el_gx_instance_ctrl_t ${module.framework.sf_el_gx.name}_ctrl;

            /** GUIX Port module configuration */
            static const sf_el_gx_cfg_t  ${module.framework.sf_el_gx.name}_cfg =
            {
                /* Display Instance Configuration */
                .p_display_instance    = (display_instance_t *)&amp;${module.framework.sf_el_gx.requires.display::module.driver.display.name},

                /* Display Driver Runtime Configuration */
            #if (${module.framework.sf_el_gx.display_cfg_inheritance} == 1) /* Inherit Frame Buffer Name from Graphics Screen 1 */
                .p_display_runtime_cfg = &amp;${module.framework.sf_el_gx.requires.display::module.driver.display.name}_runtime_cfg_bg,
            #else /* Inherit Frame Buffer Name from Graphics Screen 2 */
                .p_display_runtime_cfg = &amp;${module.framework.sf_el_gx.requires.display::module.driver.display.name}_runtime_cfg_fg,
            #endif

                /* GUIX Canvas Configuration */
            #if (${module.framework.sf_el_gx.p_canvas.used})
                .p_canvas        = ${module.framework.sf_el_gx.name}_canvas,
            #else
                .p_canvas        = NULL,
            #endif

                /* Display Driver Frame Buffer A Configuration */
            #if (${module.framework.sf_el_gx.display_cfg_inheritance} == 1) /* Inherit Frame Buffer Name from Graphics Screen 1 */
                .p_framebuffer_a = &amp;${module.framework.sf_el_gx.requires.display::module.driver.display.name}_${module.framework.sf_el_gx.requires.display::module.driver.display.input0.buffer_name}[0], /* Always array[0] is used */
	         .inherit_frame_layer = DISPLAY_FRAME_LAYER_1,
            #else /* Inherit Frame Buffer Name from Graphics Screen 2 */
                .p_framebuffer_a = &amp;${module.framework.sf_el_gx.requires.display::module.driver.display.name}_${module.framework.sf_el_gx.requires.display::module.driver.display.input1.buffer_name}[0], /* Always array[0] is used */
	         .inherit_frame_layer = DISPLAY_FRAME_LAYER_2,
            #endif

                /* Display Driver Frame Buffer B Configuration */
            #if (${module.framework.sf_el_gx.display_cfg_inheritance} == 1) /* Inherit Frame Buffer Name from Graphics Screen 1 */
                #if (${module.framework.sf_el_gx.requires.display::module.driver.display.input0.buffer_number} &gt; 1) /* Multiple frame buffers are used for Graphics Screen 1 */
                .p_framebuffer_b = &amp;${module.framework.sf_el_gx.requires.display::module.driver.display.name}_${module.framework.sf_el_gx.requires.display::module.driver.display.input0.buffer_name}[1], /* Always array[1] is used */
                #else /* Single Frame Buffer is used for Graphics Screen 1 */
                .p_framebuffer_b = NULL,
                #endif
            #else /* Inherit Frame Buffer Name from Graphics Screen 2 */
                #if (${module.framework.sf_el_gx.requires.display::module.driver.display.input1.buffer_number} &gt; 1) /* Multiple frame buffers are used for Graphics Screen 2 */
                .p_framebuffer_b = &amp;${module.framework.sf_el_gx.requires.display::module.driver.display.name}_${module.framework.sf_el_gx.requires.display::module.driver.display.input1.buffer_name}[1], /* Always array[1] is used */
                #else /* Single Frame Buffer is used for Graphics Screen 2 */
                .p_framebuffer_b = NULL,
                #endif
            #endif

                /* User Callback Configuration */
                .p_callback      = ${module.framework.sf_el_gx.p_callback},

                /* JPEG Work Buffer Configuration */
            #if GX_USE_SYNERGY_JPEG
                .p_jpegbuffer    = ${module.framework.sf_el_gx.name}_jpegbuffer,
                .jpegbuffer_size = ${module.framework.sf_el_gx.jpegbuffer_size},
                .p_sf_jpeg_decode_instance = (void *)&amp;${module.framework.sf_el_gx.requires.sf_jpeg_decode::module.framework.sf_jpeg_decode.name},
            #else
                .p_jpegbuffer    = NULL,
                .jpegbuffer_size = 0,
                .p_sf_jpeg_decode_instance = NULL,
            #endif

                /* Screen Rotation Angle Configuration */
                .rotation_angle  = ${module.framework.sf_el_gx.rotation_angle},
				
                /* D/AVE 2D Buffer Cache */
                .dave2d_buffer_cache_enabled = ${module.framework.sf_el_gx.dave2d_buffer_cache}
            };

            /** GUIX Port module instance */
            sf_el_gx_instance_t ${module.framework.sf_el_gx.name} =
            {
                .p_api = &amp;sf_el_gx_on_guix,
                .p_ctrl = &amp;${module.framework.sf_el_gx.name}_ctrl,
                .p_cfg = &amp;${module.framework.sf_el_gx.name}_cfg
            };
        </declarations>
    </module>
</synergyModuleDescription>
