﻿<?xml version="1.0" ?>
<synergyModuleDescription>
    <module config="config.external.ex_touch_panel_chip_ft5x06" display="Driver|Input|${module.external.ex_touch_panel_chip.name} Touch_panel_chip_ft5x06" id="module.external.ex_touch_panel_chip_ft5x06_on_ex_touch_panel_chip_ft5x06" version="1" url="https://knowledgebase.renesas.com/English_Content/Renesas_Synergy%E2%84%A2_Platform/Renesas_Synergy_Knowledge_Base/sf_touch_panel_i2c_Module_Guide_Resources">
        <requires interface="_rtos" />
        <requires id="module.external.ex_touch_panel_chip_ft5x06.requires.i2c" interface="interface.framework.sf_i2c_v2_on_sf_i2c" display="Add framework" />
        <requires id="module.external.ex_touch_panel_chip_ft5x06.requires.sf_external_irq" interface="interface.framework.sf_external_irq" display="Add External IRQ Framework" />
        <provides interface="interface.external.ex_touch_panel_chip" />
        <!-- Give name of the instance structure used in the driver in the value field -->
        <property id="module.external.ex_touch_panel_chip.name" display="Name" default="g_touch_panel_chip_ft5x06_${_instance}">
            <constraint display="Name must be a valid C symbol">testSymbol("${module.external.ex_touch_panel_chip.name}")</constraint>
        </property>
        <property default="800" display="Horizontal pixel count" id="module.external.ex_touch_panel_chip_hsize.hsize_pixels" description="Specify the number of horizontal pixels.">
            <constraint display="Value must be an integer greater than 0">testInteger("${module.external.ex_touch_panel_chip_hsize.hsize_pixels}")  &amp;&amp; ("${module.external.ex_touch_panel_chip_hsize.hsize_pixels}" &gt; 0)</constraint>
        </property>
        <property default="480" display="Vertical pixel count" id="module.external.ex_touch_panel_chip_vsize.vsize_pixels" description="Specify the number of vertical pixels.">
            <constraint display="Value must be an integer greater than 0">testInteger("${module.external.ex_touch_panel_chip_vsize.vsize_pixels}")  &amp;&amp; ("${module.external.ex_touch_panel_chip_vsize.vsize_pixels}" &gt; 0)</constraint>
        </property>
        <property display="Reset Port" id="module.external.ex_touch_panel_chip_ft5x06.port" default="module.external.ex_touch_panel_chip_ft5x06.port.PORT_10" description="Select the chip reset port.">
            <option id="module.external.ex_touch_panel_chip_ft5x06.port.PORT_00" display="00" value="00" />
            <option id="module.external.ex_touch_panel_chip_ft5x06.port.PORT_01" display="01" value="01" />
            <option id="module.external.ex_touch_panel_chip_ft5x06.port.PORT_02" display="02" value="02" />
            <option id="module.external.ex_touch_panel_chip_ft5x06.port.PORT_03" display="03" value="03" />
            <option id="module.external.ex_touch_panel_chip_ft5x06.port.PORT_04" display="04" value="04" />
            <option id="module.external.ex_touch_panel_chip_ft5x06.port.PORT_05" display="05" value="05" />
            <option id="module.external.ex_touch_panel_chip_ft5x06.port.PORT_06" display="06" value="06" />
            <option id="module.external.ex_touch_panel_chip_ft5x06.port.PORT_07" display="07" value="07" />
            <option id="module.external.ex_touch_panel_chip_ft5x06.port.PORT_08" display="08" value="08" />
            <option id="module.external.ex_touch_panel_chip_ft5x06.port.PORT_09" display="09" value="09" />
            <option id="module.external.ex_touch_panel_chip_ft5x06.port.PORT_10" display="10" value="10" />
            <option id="module.external.ex_touch_panel_chip_ft5x06.port.PORT_11" display="11" value="11" />
        </property>
        <property display="Reset Pin" id="module.external.ex_touch_panel_chip_ft5x06.pin" default="module.external.ex_touch_panel_chip_ft5x06.pin.PIN_02" description="Select the chip reset pin.">
            <option id="module.external.ex_touch_panel_chip_ft5x06.pin.PIN_00" display="00" value="00" />
            <option id="module.external.ex_touch_panel_chip_ft5x06.pin.PIN_01" display="01" value="01" />
            <option id="module.external.ex_touch_panel_chip_ft5x06.pin.PIN_02" display="02" value="02" />
            <option id="module.external.ex_touch_panel_chip_ft5x06.pin.PIN_03" display="03" value="03" />
            <option id="module.external.ex_touch_panel_chip_ft5x06.pin.PIN_04" display="04" value="04" />
            <option id="module.external.ex_touch_panel_chip_ft5x06.pin.PIN_05" display="05" value="05" />
            <option id="module.external.ex_touch_panel_chip_ft5x06.pin.PIN_06" display="06" value="06" />
            <option id="module.external.ex_touch_panel_chip_ft5x06.pin.PIN_07" display="07" value="07" />
            <option id="module.external.ex_touch_panel_chip_ft5x06.pin.PIN_08" display="08" value="08" />
            <option id="module.external.ex_touch_panel_chip_ft5x06.pin.PIN_09" display="09" value="09" />
            <option id="module.external.ex_touch_panel_chip_ft5x06.pin.PIN_10" display="10" value="10" />
            <option id="module.external.ex_touch_panel_chip_ft5x06.pin.PIN_11" display="11" value="11" />
            <option id="module.external.ex_touch_panel_chip_ft5x06.pin.PIN_12" display="12" value="12" />
            <option id="module.external.ex_touch_panel_chip_ft5x06.pin.PIN_13" display="13" value="13" />
            <option id="module.external.ex_touch_panel_chip_ft5x06.pin.PIN_14" display="14" value="14" />
            <option id="module.external.ex_touch_panel_chip_ft5x06.pin.PIN_15" display="15" value="15" />
        </property>
	  
        <header>
            extern const sf_touch_panel_chip_instance_t ${module.external.ex_touch_panel_chip.name};
            extern const sf_touch_panel_chip_api_t g_sf_touch_panel_chip_ft5x06;
        </header>
        <includes>
            #include &quot;sf_touch_panel_chip_ft5x06.h&quot;
        </includes>
        <declarations>
            sf_touch_panel_chip_ft5x06_instance_ctrl_t ${module.external.ex_touch_panel_chip.name}_ctrl;	
            const sf_touch_panel_chip_on_ft5x06_cfg_t ${module.external.ex_touch_panel_chip.name}_cfg_extend =
            {
                .pin = IOPORT_PORT_${module.external.ex_touch_panel_chip_ft5x06.port}_PIN_${module.external.ex_touch_panel_chip_ft5x06.pin},
                .p_lower_lvl_framewrk = &amp;${module.external.ex_touch_panel_chip_ft5x06.requires.i2c::module.framework.sf_i2c_v2.name},
                .p_lower_lvl_irq = &amp;${module.external.ex_touch_panel_chip_ft5x06.requires.sf_external_irq::module.framework.sf_external_irq.name}
            };
            const sf_touch_panel_chip_cfg_t ${module.external.ex_touch_panel_chip.name}_cfg =
            {
                .p_extend = &amp;${module.external.ex_touch_panel_chip.name}_cfg_extend
            };
            const sf_touch_panel_chip_instance_t ${module.external.ex_touch_panel_chip.name} = 
            {
                .p_ctrl        = &amp;${module.external.ex_touch_panel_chip.name}_ctrl,
                .p_cfg         = &amp;${module.external.ex_touch_panel_chip.name}_cfg,
                .p_api         = &amp;g_sf_touch_panel_chip_ft5x06
            };
        </declarations>
    </module>
</synergyModuleDescription>
