﻿<?xml version="1.0" ?>
<synergyModuleDescription>
	<config id="config.driver.riic" path="ssp_cfg/driver/r_riic_cfg.h" version="0">
		<property default="config.driver.riic.param_checking_enable.bsp" display="Parameter Checking" id="config.driver.riic.param_checking_enable" description="If selected code for parameter checking is included in the build.">
			<option display="Default (BSP)" id="config.driver.riic.param_checking_enable.bsp" value="(BSP_CFG_PARAM_CHECKING_ENABLE)"/>
			<option display="Enabled" id="config.driver.riic.param_checking_enable.enabled" value="(1)"/>
			<option display="Disabled" id="config.driver.riic.param_checking_enable.disabled" value="(0)"/>
		</property>
		<content>#define RIIC_CFG_PARAM_CHECKING_ENABLE ${config.driver.riic.param_checking_enable}
</content>
	</config>
	<module config="config.driver.riic" display="Driver|Connectivity|${module.driver.i2c.name} I2C Master Driver on r_riic" id="module.driver.i2c_on_riic" version="1" url="https://knowledgebase.renesas.com/English_Content/Renesas_Synergy%E2%84%A2_Platform/Renesas_Synergy_Knowledge_Base/r_riic_Module_Guide_Resources">
        <constraint display="Unique name required for each instance">
            "${interface.driver.i2c.${module.driver.i2c.name}}" === "1"
        </constraint>
        <constraint display="Requires IIC Peripheral">
          "${interface.mcu.iic.external}" === "1"
        </constraint>
        <requires id="module.driver.i2c_on_riic.requires.iic" interface="interface.mcu.iic.external" visible="false" display="Requires IIC Peripheral" />
		<requires id="module.driver.i2c_on_riic.requires.transfer_tx" interface="interface.driver.transfer_on_dtc" display="Add DTC Driver for Transmission [Recommended but optional]">
		<override property="module.driver.transfer.size" value="module.driver.transfer.size.size_1_byte"/>
		<override property="module.driver.transfer.mode" value="module.driver.transfer.mode.mode_normal"/>
		<override property="module.driver.transfer.dest_addr_mode" value="module.driver.transfer.dest_addr_mode.addr_mode_fixed"/>
		<override property="module.driver.transfer.src_addr_mode" value="module.driver.transfer.src_addr_mode.addr_mode_incremented"/>
		<override property="module.driver.transfer.repeat_area" value="module.driver.transfer.repeat_area.repeat_area_source"/>
		<override property="module.driver.transfer.p_dest" value="NULL"/>
		<override property="module.driver.transfer.p_src" value="NULL"/>
		<override property="module.driver.transfer.length" value="0"/>
		<override property="module.driver.transfer.interrupt" value="module.driver.transfer.interrupt.interrupt_end"/>
		<override property="module.driver.transfer.num_blocks" value="0"/>
		<override property="module.driver.transfer.auto_enable" value="module.driver.transfer.auto_enable.false"/>
		<override property="module.driver.transfer.p_callback" value="NULL"/>
		<override property="module.driver.transfer.activation_source" value="module.driver.transfer.event.event_iic${module.driver.i2c.channel}_txi"/>
	</requires>
        <requires id="module.driver.i2c_on_riic.requires.transfer_rx" interface="interface.driver.transfer_on_dtc" display="Add DTC Driver for Reception [Recommended but optional]">
		<override property="module.driver.transfer.size" value="module.driver.transfer.size.size_1_byte"/>
		<override property="module.driver.transfer.mode" value="module.driver.transfer.mode.mode_normal"/>
		<override property="module.driver.transfer.dest_addr_mode" value="module.driver.transfer.dest_addr_mode.addr_mode_incremented"/>
		<override property="module.driver.transfer.src_addr_mode" value="module.driver.transfer.src_addr_mode.addr_mode_fixed"/>
		<override property="module.driver.transfer.repeat_area" value="module.driver.transfer.repeat_area.repeat_area_destination"/>
		<override property="module.driver.transfer.p_dest" value="NULL"/>
		<override property="module.driver.transfer.p_src" value="NULL"/>
		<override property="module.driver.transfer.length" value="0"/>
		<override property="module.driver.transfer.interrupt" value="module.driver.transfer.interrupt.interrupt_end"/>
		<override property="module.driver.transfer.num_blocks" value="0"/>
		<override property="module.driver.transfer.auto_enable" value="module.driver.transfer.auto_enable.false"/>
		<override property="module.driver.transfer.p_callback" value="NULL"/>
		<override property="module.driver.transfer.activation_source" value="module.driver.transfer.event.event_iic${module.driver.i2c.channel}_rxi"/>
	</requires>	
        <provides interface="interface.driver.i2c" />
        <provides interface="interface.driver.i2c_on_iic" />
        <provides interface="interface.driver.i2c.${module.driver.i2c.name}" />
        <property default="g_i2c${_instance}" display="Name" id="module.driver.i2c.name" description="Module name.">
			<constraint display="Name must be a valid C symbol">testSymbol("${module.driver.i2c.name}")</constraint>
        </property>
        <property default="riic" id="module.driver.i2c.i2c_interface" description="" /> 
		<property default="0" display="Channel" id="module.driver.i2c.channel" description="Specify the IIC channel.">
			<constraint display="Value must be a non-negative integer">testInteger("${module.driver.i2c.channel}")  &amp;&amp; ("${module.driver.i2c.channel}" &gt;= 0)</constraint>
           </property>
		<property default="module.driver.i2c.rate.rate_standard" display="Rate" id="module.driver.i2c.rate" description="Select the transfer rate.">
			<option display="Standard" id="module.driver.i2c.rate.rate_standard" value="I2C_RATE_STANDARD"/>
			<option display="Fast-mode" id="module.driver.i2c.rate.rate_fast" value="I2C_RATE_FAST"/>
			<option display="Fast-mode plus" id="module.driver.i2c.rate.rate_fastplus" value="I2C_RATE_FASTPLUS"/>
		</property>
		<property default="0x00" display="Slave Address" id="module.driver.i2c.slave" description="Specify the slave address.">
			<constraint display="Value must be non-negative">testInteger("${module.driver.i2c.slave}")  &amp;&amp; ("${module.driver.i2c.slave}" &gt;= 0)</constraint>
           </property>
		<property default="module.driver.i2c.addr_mode.addr_mode_7bit" display="Address Mode" id="module.driver.i2c.addr_mode" description="Select the slave address mode.">
			<option display="7-Bit" id="module.driver.i2c.addr_mode.addr_mode_7bit" value="I2C_ADDR_MODE_7BIT"/>
			<option display="10-Bit" id="module.driver.i2c.addr_mode.addr_mode_10bit" value="I2C_ADDR_MODE_10BIT"/>
		</property>
		<property default="module.driver.i2c.timeout_mode.short_mode" display="Timeout Mode" id="module.driver.i2c.timeout_mode">
			<option display="Short Mode" id="module.driver.i2c.timeout_mode.short_mode" value="RIIC_TIMEOUT_MODE_SHORT"/>
			<option display="Long Mode" id="module.driver.i2c.timeout_mode.long_mode" value="RIIC_TIMEOUT_MODE_LONG"/>
		</property>	
        <property default="NULL" display="Callback" id="module.driver.i2c.p_callback" description="A user callback function can be provided. If this callback function is provided, it will be called from the interrupt service routine (ISR) for each of the conditions defined in i2c_event_t.">
			<constraint display="Name must be a valid C symbol">testSymbol("${module.driver.i2c.p_callback}")</constraint>
        </property>
        <property default="" display="Receive Interrupt Priority" id="module.driver.i2c.rxi_ipl" description="Select the receive interrupt priority.">
            <select enum="enum.mcu.nvic.priorities.mandatory"/>
        </property>
        <property default="" display="Transmit Interrupt Priority" id="module.driver.i2c.txi_ipl" description="Select the transmit interrupt priority.">
            <select enum="enum.mcu.nvic.priorities.mandatory"/>
        </property>
        <property default="" display="Transmit End Interrupt Priority" id="module.driver.i2c.tei_ipl" description="Select the transmit end interrupt priority.">
            <select enum="enum.mcu.nvic.priorities.mandatory"/>
        </property>
        <property default="" display="Error Interrupt Priority" id="module.driver.i2c.eri_ipl" description="Select the error interrupt priority.">
            <select enum="enum.mcu.nvic.priorities.mandatory"/>
        </property>
        <!-- Hidden fixed properties -->
        <property default="0" id="module.driver.i2c.sda_delay" description=""/>
        <header>
		extern const i2c_cfg_t ${module.driver.i2c.name}_cfg;
            /** I2C on RIIC Instance. */
			extern const i2c_master_instance_t ${module.driver.i2c.name};
#ifndef ${module.driver.i2c.p_callback}
void ${module.driver.i2c.p_callback}(i2c_callback_args_t * p_args);
#endif

extern riic_instance_ctrl_t ${module.driver.i2c.name}_ctrl;
extern const riic_extended_cfg ${module.driver.i2c.name}_extend;
#define SYNERGY_NOT_DEFINED (1)            
#if (SYNERGY_NOT_DEFINED == ${module.driver.i2c_on_riic.requires.transfer_tx::module.driver.transfer.name})
    #define ${module.driver.i2c.name}_P_TRANSFER_TX (NULL)
#else
    #define ${module.driver.i2c.name}_P_TRANSFER_TX (&amp;${module.driver.i2c_on_riic.requires.transfer_tx::module.driver.transfer.name})
#endif
#if (SYNERGY_NOT_DEFINED == ${module.driver.i2c_on_riic.requires.transfer_rx::module.driver.transfer.name})
    #define ${module.driver.i2c.name}_P_TRANSFER_RX (NULL)
#else
    #define ${module.driver.i2c.name}_P_TRANSFER_RX (&amp;${module.driver.i2c_on_riic.requires.transfer_rx::module.driver.transfer.name})
#endif
#undef SYNERGY_NOT_DEFINED
#define ${module.driver.i2c.name}_P_EXTEND (&amp;${module.driver.i2c.name}_extend)

        </header>
		<includes>#include &quot;r_riic.h&quot;
#include &quot;r_i2c_api.h&quot;</includes>
		<declarations>
#if !defined(SSP_SUPPRESS_ISR_${module.driver.i2c.name}) &amp;&amp; !defined(SSP_SUPPRESS_ISR_IIC${module.driver.i2c.channel})
SSP_VECTOR_DEFINE_CHAN(iic_rxi_isr, IIC, RXI, ${module.driver.i2c.channel});
#endif
#if !defined(SSP_SUPPRESS_ISR_${module.driver.i2c.name}) &amp;&amp; !defined(SSP_SUPPRESS_ISR_IIC${module.driver.i2c.channel})
SSP_VECTOR_DEFINE_CHAN(iic_txi_isr, IIC, TXI, ${module.driver.i2c.channel});
#endif
#if !defined(SSP_SUPPRESS_ISR_${module.driver.i2c.name}) &amp;&amp; !defined(SSP_SUPPRESS_ISR_IIC${module.driver.i2c.channel})
SSP_VECTOR_DEFINE_CHAN(iic_tei_isr, IIC, TEI, ${module.driver.i2c.channel});
#endif
#if !defined(SSP_SUPPRESS_ISR_${module.driver.i2c.name}) &amp;&amp; !defined(SSP_SUPPRESS_ISR_IIC${module.driver.i2c.channel})
SSP_VECTOR_DEFINE_CHAN(iic_eri_isr, IIC, ERI, ${module.driver.i2c.channel});
#endif
riic_instance_ctrl_t ${module.driver.i2c.name}_ctrl;
const riic_extended_cfg ${module.driver.i2c.name}_extend =
{
    .timeout_mode = ${module.driver.i2c.timeout_mode},
};
const i2c_cfg_t ${module.driver.i2c.name}_cfg =
{
    .channel             = ${module.driver.i2c.channel},
    .rate                = ${module.driver.i2c.rate},
    .slave               = ${module.driver.i2c.slave},
    .addr_mode           = ${module.driver.i2c.addr_mode},
#define SYNERGY_NOT_DEFINED (1)            
#if (SYNERGY_NOT_DEFINED == ${module.driver.i2c_on_riic.requires.transfer_tx::module.driver.transfer.name})
                .p_transfer_tx       = NULL,
#else
                .p_transfer_tx       = &amp;${module.driver.i2c_on_riic.requires.transfer_tx::module.driver.transfer.name},
#endif
#if (SYNERGY_NOT_DEFINED == ${module.driver.i2c_on_riic.requires.transfer_rx::module.driver.transfer.name})
                .p_transfer_rx       = NULL,
#else
                .p_transfer_rx       = &amp;${module.driver.i2c_on_riic.requires.transfer_rx::module.driver.transfer.name},
#endif
#undef SYNERGY_NOT_DEFINED	
    .p_callback          = ${module.driver.i2c.p_callback},
    .p_context           = (void *)&amp;${module.driver.i2c.name},
    .rxi_ipl             = ${module.driver.i2c.rxi_ipl},
    .txi_ipl             = ${module.driver.i2c.txi_ipl},
    .tei_ipl             = ${module.driver.i2c.tei_ipl},
    .eri_ipl             = ${module.driver.i2c.eri_ipl},
    .p_extend            = &amp;${module.driver.i2c.name}_extend,
};
/* Instance structure to use this module. */
const i2c_master_instance_t ${module.driver.i2c.name} = 
{
    .p_ctrl        = &amp;${module.driver.i2c.name}_ctrl,
    .p_cfg         = &amp;${module.driver.i2c.name}_cfg,
    .p_api         = &amp;g_i2c_master_on_riic
};

</declarations>
	</module>
</synergyModuleDescription>
