<?xml version="1.0" encoding="UTF-8" standalone="no"?>
<synergyConfiguration version="3">
  <generalSettings>
    <option key="#Board#" value="board.s3a7_rut_l865"/>
    <option key="CPU" value="S3A7"/>
    <option key="#TargetName#" value="R7FS3A77C3A01CNB"/>
    <option key="#TargetARCHITECTURE#" value="cortex-m4"/>
    <option key="#RTOS#" value="Express Logic ThreadX"/>
    <option key="#pinconfiguration#" value="S3A7_RUT_L865.pincfg"/>
    <option key="#SSPVersion#" value="1.5.0-rc.1"/>
    <option key="#DefaultLinkerScript#" value="S3A7.ld"/>
    <option key="#ConfigurationFragments#" value="Rutronik##BSP##Board####"/>
    <option key="#SELECTED_TOOLCHAIN#" value="gcc-arm-embedded"/>
  </generalSettings>
  <synergyBspConfiguration>
    <config id="config.bsp.s3a7.R7FS3A77C3A01CNB">
      <property id="config.bsp.part_number" value="config.bsp.part_number.value"/>
      <property id="config.bsp.rom_size_bytes" value="config.bsp.rom_size_bytes.value"/>
      <property id="config.bsp.ram_size_bytes" value="config.bsp.ram_size_bytes.value"/>
      <property id="config.bsp.data_flash_size_bytes" value="config.bsp.data_flash_size_bytes.value"/>
      <property id="config.bsp.package_style" value="config.bsp.package_style.value"/>
      <property id="config.bsp.package_pins" value="config.bsp.package_pins.value"/>
    </config>
    <config id="config.bsp.s3a7">
      <property id="config.bsp.series" value="config.bsp.series.value"/>
    </config>
    <config id="config.bsp.s3a7.ssp">
      <property id="config.bsp.s3a7.ssp.OFS0" value="config.bsp.s3a7.ssp.OFS0_Register.default"/>
      <property id="config.bsp.s3a7.ssp.OFS0.iwdt_start_mode" value="config.bsp.s3a7.ssp.OFS0.iwdt_start_mode.disabled"/>
      <property id="config.bsp.s3a7.ssp.OFS0.iwdt_timeout" value="config.bsp.s3a7.ssp.OFS0.iwdt_timeout.2048"/>
      <property id="config.bsp.s3a7.ssp.OFS0.iwdt_divisor" value="config.bsp.s3a7.ssp.OFS0.iwdt_divisor.128"/>
      <property id="config.bsp.s3a7.ssp.OFS0.iwdt_window_end" value="config.bsp.s3a7.ssp.OFS0.iwdt_window_end.0"/>
      <property id="config.bsp.s3a7.ssp.OFS0.iwdt_window_start" value="config.bsp.s3a7.ssp.OFS0.iwdt_window_start.100"/>
      <property id="config.bsp.s3a7.ssp.OFS0.iwdt_reset_interrupt" value="config.bsp.s3a7.ssp.OFS0.iwdt_reset_interrupt.Reset"/>
      <property id="config.bsp.s3a7.ssp.OFS0.iwdt_stop_control" value="config.bsp.s3a7.ssp.OFS0.iwdt_stop_control.stops"/>
      <property id="config.bsp.s3a7.ssp.OFS0.wdt_start_mode" value="config.bsp.s3a7.ssp.OFS0.wdt_start_mode.register"/>
      <property id="config.bsp.s3a7.ssp.OFS0.wdt_timeout" value="config.bsp.s3a7.ssp.OFS0.wdt_timeout.16384"/>
      <property id="config.bsp.s3a7.ssp.OFS0.wdt_divisor" value="config.bsp.s3a7.ssp.OFS0.wdt_divisor.128"/>
      <property id="config.bsp.s3a7.ssp.OFS0.wdt_window_end" value="config.bsp.s3a7.ssp.OFS0.wdt_window_end.0"/>
      <property id="config.bsp.s3a7.ssp.OFS0.wdt_window_start" value="config.bsp.s3a7.ssp.OFS0.wdt_window_start.100"/>
      <property id="config.bsp.s3a7.ssp.OFS0.wdt_reset_interrupt" value="config.bsp.s3a7.ssp.OFS0.wdt_reset_interrupt.Reset"/>
      <property id="config.bsp.s3a7.ssp.OFS0.wdt_stop_control" value="config.bsp.s3a7.ssp.OFS0.wdt_stop_control.stops"/>
      <property id="config.bsp.s3a7.ssp.OFS1" value="config.bsp.s3a7.ssp.OFS1_Register.default"/>
      <property id="config.bsp.s3a7.ssp.OFS1.voltage_detection0.start" value="config.bsp.s3a7.ssp.OFS1.voltage_detection0.start.disabled"/>
      <property id="config.bsp.s3a7.ssp.OFS1.voltage_detection0_level" value="config.bsp.s3a7.ssp.OFS1.voltage_detection0_level.190"/>
      <property id="config.bsp.s3a7.ssp.OFS1.hoco_osc" value="config.bsp.s3a7.ssp.OFS1.hoco_osc.disabled"/>
      <property id="config.bsp.s3a7.ssp.mpu_pc0_enable" value="config.bsp.s3a7.ssp.mpu_pc0_enable.disabled"/>
      <property id="config.bsp.s3a7.ssp.mpu_pc0_start" value="0x000FFFFC"/>
      <property id="config.bsp.s3a7.ssp.mpu_pc0_end" value="0x000FFFFF"/>
      <property id="config.bsp.s3a7.ssp.mpu_pc1_enable" value="config.bsp.s3a7.ssp.mpu_pc1_enable.disabled"/>
      <property id="config.bsp.s3a7.ssp.mpu_pc1_start" value="0x000FFFFC"/>
      <property id="config.bsp.s3a7.ssp.mpu_pc1_end" value="0x000FFFFF"/>
      <property id="config.bsp.s3a7.ssp.mpu_reg0_enable" value="config.bsp.s3a7.ssp.mpu_reg0_enable.disabled"/>
      <property id="config.bsp.s3a7.ssp.mpu_reg0_start" value="0x000FFFFC"/>
      <property id="config.bsp.s3a7.ssp.mpu_reg0_end" value="0x000FFFFF"/>
    </config>
    <config id="config.bsp.synergy">
      <property id="config.bsp.common.main" value="0x1000"/>
      <property id="config.bsp.common.process" value="0"/>
      <property id="config.bsp.common.heap" value="0x1000"/>
      <property id="config.bsp.common.vcc" value="3300"/>
      <property id="config.bsp.common.checking" value="config.bsp.common.checking.enabled"/>
      <property id="config.bsp.common.assert" value="config.bsp.common.assert.none"/>
      <property id="config.bsp.common.error_log" value="config.bsp.common.error_log.none"/>
      <property id="config.bsp.common.id_mode" value="config.bsp.common.id_mode.unlocked"/>
      <property id="config.bsp.common.id_code" value="FFFFFFFFFFFFFFFFFFFFFFFFFFFFFFFF"/>
      <property id="config.bsp.common.id1" value=""/>
      <property id="config.bsp.common.id2" value=""/>
      <property id="config.bsp.common.id3" value=""/>
      <property id="config.bsp.common.id4" value=""/>
      <property id="config.bsp.common.id_fixed" value=""/>
    </config>
  </synergyBspConfiguration>
  <synergyClockConfiguration>
    <node id="board.clock.xtal.freq" mul="12000000" option="_edit"/>
    <node id="board.clock.pll.source" option="board.clock.pll.source.xtal"/>
    <node id="board.clock.hoco.freq" option="board.clock.hoco.freq.24m"/>
    <node id="board.clock.loco.freq" option="board.clock.loco.freq.32768"/>
    <node id="board.clock.moco.freq" option="board.clock.moco.freq.8m"/>
    <node id="board.clock.subclk.freq" option="board.clock.subclk.freq.32768"/>
    <node id="board.clock.pll.div" option="board.clock.pll.div.2"/>
    <node id="board.clock.pll.mul" option="board.clock.pll.mul.8"/>
    <node id="board.clock.pll.display" option="board.clock.pll.display.value"/>
    <node id="board.clock.clock.source" option="board.clock.clock.source.pll"/>
    <node id="board.clock.iclk.div" option="board.clock.iclk.div.1"/>
    <node id="board.clock.iclk.display" option="board.clock.iclk.display.value"/>
    <node id="board.clock.pclka.div" option="board.clock.pclka.div.1"/>
    <node id="board.clock.pclka.display" option="board.clock.pclka.display.value"/>
    <node id="board.clock.pclkb.div" option="board.clock.pclkb.div.16"/>
    <node id="board.clock.pclkb.display" option="board.clock.pclkb.display.value"/>
    <node id="board.clock.pclkc.div" option="board.clock.pclkc.div.16"/>
    <node id="board.clock.pclkc.display" option="board.clock.pclkc.display.value"/>
    <node id="board.clock.pclkd.div" option="board.clock.pclkd.div.1"/>
    <node id="board.clock.pclkd.display" option="board.clock.pclkd.display.value"/>
    <node id="board.clock.bclk.div" option="board.clock.bclk.div.2"/>
    <node id="board.clock.bclk.display" option="board.clock.bclk.display.value"/>
    <node id="board.clock.bclkout.div" option="board.clock.bclkout.div.2"/>
    <node id="board.clock.bclkout.display" option="board.clock.bclkout.display.value"/>
    <node id="board.clock.fclk.div" option="board.clock.fclk.div.2"/>
    <node id="board.clock.fclk.display" option="board.clock.fclk.display.value"/>
    <node id="board.clock.uclk.display" option="board.clock.uclk.display.value"/>
  </synergyClockConfiguration>
  <synergyComponentSelection>
    <component apiversion="" class="Common" condition="" group="all" subgroup="ssp_common" variant="" vendor="Renesas" version="1.5.0-rc.1">
      <description>SSP Common Code</description>
      <originalPack>Renesas.Synergy.1.5.0-rc.1.pack</originalPack>
    </component>
    <component apiversion="" class="HAL Drivers" condition="" group="all" subgroup="r_cgc" variant="" vendor="Renesas" version="1.5.0-rc.1">
      <description>Clock Generation Circuit: Provides=[CGC]</description>
      <originalPack>Renesas.Synergy.1.5.0-rc.1.pack</originalPack>
    </component>
    <component apiversion="" class="HAL Drivers" condition="" group="all" subgroup="r_elc" variant="" vendor="Renesas" version="1.5.0-rc.1">
      <description>Event Link Controller: Provides=[ELC]</description>
      <originalPack>Renesas.Synergy.1.5.0-rc.1.pack</originalPack>
    </component>
    <component apiversion="" class="HAL Drivers" condition="" group="all" subgroup="r_fmi" variant="" vendor="Renesas" version="1.5.0-rc.1">
      <description>Factory MCU Information Module: Provides=[FMI]</description>
      <originalPack>Renesas.Synergy.1.5.0-rc.1.pack</originalPack>
    </component>
    <component apiversion="" class="HAL Drivers" condition="" group="all" subgroup="r_ioport" variant="" vendor="Renesas" version="1.5.0-rc.1">
      <description>I/O Port: Provides=[IO Port]</description>
      <originalPack>Renesas.Synergy.1.5.0-rc.1.pack</originalPack>
    </component>
    <component apiversion="" class="BSP" condition="" group="Board" subgroup="" variant="" vendor="Rutronik" version="1.5.0-rc.1">
      <description/>
      <originalPack>Rutronik.S3A7_RUT_L865.1.5.0-rc.1.pack</originalPack>
    </component>
    <component apiversion="" class="BSP" condition="" group="s3a7" subgroup="device" variant="R7FS3A77C3A01CNB" vendor="Renesas" version="1.5.0-rc.1">
      <description>Board support package for R7FS3A77C3A01CNB</description>
      <originalPack>Renesas.Synergy_mcu_s3a7.1.5.0-rc.1.pack</originalPack>
    </component>
    <component apiversion="" class="BSP" condition="" group="s3a7" subgroup="device" variant="" vendor="Renesas" version="1.5.0-rc.1">
      <description>Board support package for S3A7</description>
      <originalPack>Renesas.Synergy_mcu_s3a7.1.5.0-rc.1.pack</originalPack>
    </component>
    <component apiversion="" class="BSP" condition="" group="s3a7" subgroup="ssp" variant="" vendor="Renesas" version="1.5.0-rc.1">
      <description>Board support package for S3A7</description>
      <originalPack>Renesas.Synergy_mcu_s3a7.1.5.0-rc.1.pack</originalPack>
    </component>
    <component apiversion="" class="Framework Services" condition="" group="all" subgroup="sf_i2c" variant="" vendor="Renesas" version="1.5.0-rc.1">
      <description>Framework I2C: Provides=[Framework I2C] , Requires=[ThreadX ,I2C]</description>
      <originalPack>Renesas.Synergy.1.5.0-rc.1.pack</originalPack>
    </component>
    <component apiversion="" class="HAL Drivers" condition="" group="all" subgroup="r_dtc" variant="" vendor="Renesas" version="1.5.0-rc.1">
      <description>Data Transfer Controller: Provides=[Transfer]</description>
      <originalPack>Renesas.Synergy.1.5.0-rc.1.pack</originalPack>
    </component>
    <component apiversion="" class="HAL Drivers" condition="" group="all" subgroup="r_sci_i2c" variant="" vendor="Renesas" version="1.5.0-rc.1">
      <description>SCI I2C: Provides=[I2C Master] , Requires=[SCI Common]</description>
      <originalPack>Renesas.Synergy.1.5.0-rc.1.pack</originalPack>
    </component>
    <component apiversion="" class="Express Logic" condition="" group="all" subgroup="tx" variant="" vendor="Renesas" version="1.5.0-rc.1">
      <description>Express Logic ThreadX: Provides=[ThreadX]</description>
      <originalPack>Renesas.Synergy.1.5.0-rc.1.pack</originalPack>
    </component>
    <component apiversion="" class="Framework Services" condition="" group="all" subgroup="sf_adc_periodic" variant="" vendor="Renesas" version="1.5.0-rc.1">
      <description>Framework ADC Periodic: Provides=[Framework ADC Periodic] , Requires=[ThreadX ,ADC ,Timer]</description>
      <originalPack>Renesas.Synergy.1.5.0-rc.1.pack</originalPack>
    </component>
    <component apiversion="" class="HAL Drivers" condition="" group="all" subgroup="r_adc" variant="" vendor="Renesas" version="1.5.0-rc.1">
      <description>A/D Converter: Provides=[ADC]</description>
      <originalPack>Renesas.Synergy.1.5.0-rc.1.pack</originalPack>
    </component>
    <component apiversion="" class="HAL Drivers" condition="" group="all" subgroup="r_agt" variant="" vendor="Renesas" version="1.5.0-rc.1">
      <description>Asynchronous General Purpose Timer: Provides=[TIMER]</description>
      <originalPack>Renesas.Synergy.1.5.0-rc.1.pack</originalPack>
    </component>
    <component apiversion="" class="HAL Drivers" condition="" group="all" subgroup="r_gpt" variant="" vendor="Renesas" version="1.5.0-rc.1">
      <description>General Purpose Timer: Provides=[Timer ,GPT]</description>
      <originalPack>Renesas.Synergy.1.5.0-rc.1.pack</originalPack>
    </component>
    <component apiversion="" class="Framework Services" condition="" group="all" subgroup="sf_uart_comms" variant="" vendor="Renesas" version="1.5.0-rc.1">
      <description>Framework UART Communications: Provides=[Framework UART] , Requires=[ThreadX ,Communications]</description>
      <originalPack>Renesas.Synergy.1.5.0-rc.1.pack</originalPack>
    </component>
    <component apiversion="" class="HAL Drivers" condition="" group="all" subgroup="r_sci_uart" variant="" vendor="Renesas" version="1.5.0-rc.1">
      <description>SCI UART: Provides=[UART] , Requires=[SCI Common]</description>
      <originalPack>Renesas.Synergy.1.5.0-rc.1.pack</originalPack>
    </component>
  </synergyComponentSelection>
  <synergyIcuConfiguration/>
  <synergyMessagingConfiguration/>
  <synergyModuleConfiguration>
    <module id="module.driver.cgc_on_cgc.0">
      <property id="module.driver.cgc.name" value="g_cgc"/>
    </module>
    <module id="module.driver.elc_on_elc.0">
      <property id="module.driver.elc.name" value="g_elc"/>
    </module>
    <module id="module.driver.ioport_on_ioport.0">
      <property id="module.driver.ioport.name" value="g_ioport"/>
    </module>
    <module id="module.driver.fmi_on_fmi.0">
      <property id="module.driver.fmi.name" value="g_fmi"/>
    </module>
    <module id="module.framework.sf_i2c_on_sf_i2c_v2.1723631471">
      <property id="module.framework.sf_i2c_v2.name" value="g_sf_i2c_bme280"/>
      <property id="module.framework.sf_i2c_v2.slave" value="0x77"/>
      <property id="module.framework.sf_i2c_v2.addr_mode" value="module.framework.sf_i2c_v2.addr_mode.addr_mode_7bit"/>
    </module>
    <module id="module.framework.sf_i2c_bus_on_sf_i2c_v2.1170951828">
      <property id="module.framework.sf_i2c_bus_v2.name" value="g_sf_i2c_bus0"/>
    </module>
    <module id="module.driver.i2c_on_sci_i2c.1184187418">
      <property id="module.driver.i2c.name" value="g_i2c0"/>
      <property id="module.driver.i2c.channel" value="2"/>
      <property id="module.driver.i2c.rate" value="module.driver.i2c.rate.rate_fast"/>
      <property id="module.driver.i2c.slave" value="0x00"/>
      <property id="module.driver.i2c.addr_mode" value="module.driver.i2c.addr_mode.addr_mode_7bit"/>
      <property id="module.driver.i2c.sda_delay" value="300"/>
      <property id="module.driver.i2c.bitrate_modulation" value="module.driver.i2c.bitrate_modulation.true"/>
      <property id="module.driver.i2c.p_callback" value="NULL"/>
      <property id="module.driver.i2c.rxi_ipl" value="board.icu.common.irq.priority1"/>
      <property id="module.driver.i2c.txi_ipl" value="board.icu.common.irq.priority1"/>
      <property id="module.driver.i2c.tei_ipl" value="board.icu.common.irq.priority1"/>
    </module>
    <module id="module.framework.sf_i2c_on_sf_i2c_v2.69414577">
      <property id="module.framework.sf_i2c_v2.name" value="g_sf_i2c_bmx055_acc"/>
      <property id="module.framework.sf_i2c_v2.slave" value="0x19"/>
      <property id="module.framework.sf_i2c_v2.addr_mode" value="module.framework.sf_i2c_v2.addr_mode.addr_mode_7bit"/>
    </module>
    <module id="module.framework.sf_i2c_on_sf_i2c_v2.1731292201">
      <property id="module.framework.sf_i2c_v2.name" value="g_sf_i2c_bmx055_gyr"/>
      <property id="module.framework.sf_i2c_v2.slave" value="0x69"/>
      <property id="module.framework.sf_i2c_v2.addr_mode" value="module.framework.sf_i2c_v2.addr_mode.addr_mode_7bit"/>
    </module>
    <module id="module.framework.sf_i2c_on_sf_i2c_v2.620028317">
      <property id="module.framework.sf_i2c_v2.name" value="g_sf_i2c_bmx055_mag"/>
      <property id="module.framework.sf_i2c_v2.slave" value="0x13"/>
      <property id="module.framework.sf_i2c_v2.addr_mode" value="module.framework.sf_i2c_v2.addr_mode.addr_mode_7bit"/>
    </module>
    <module id="module.framework.sf_i2c_on_sf_i2c_v2.1364403424">
      <property id="module.framework.sf_i2c_v2.name" value="g_sf_i2c_mlx90393"/>
      <property id="module.framework.sf_i2c_v2.slave" value="0x0C"/>
      <property id="module.framework.sf_i2c_v2.addr_mode" value="module.framework.sf_i2c_v2.addr_mode.addr_mode_7bit"/>
    </module>
    <module id="module.framework.sf_adc_periodic_on_sf_adc_periodic.1901070539">
      <property id="module.framework.sf_adc_periodic.name" value="g_sf_adc_periodic0"/>
      <property id="module.framework.sf_adc_periodic.data_buffer" value="g_user_buffer"/>
      <property id="module.framework.sf_adc_periodic.data_buffer_length" value="4"/>
      <property id="module.framework.sf_adc_periodic.sample_count" value="1"/>
      <property id="module.framework.sf_adc_periodic.p_callback" value="g_adc_framework_user_callback"/>
      <property id="module.framework.sf_adc_periodic.init_function" value="sf_adc_periodic_init0"/>
      <property id="module.framework.sf_adc_periodic.init" value="module.framework.sf_adc_periodic.init.disable"/>
    </module>
    <module id="module.driver.adc_on_adc.933038971">
      <property id="module.driver.adc.name" value="g_adc0"/>
      <property id="module.driver.adc.unit" value="0"/>
      <property id="module.driver.adc.resolution" value="module.driver.adc.resolution.resolution_14_bit"/>
      <property id="module.driver.adc.alignment" value="module.driver.adc.alignment.alignment_right"/>
      <property id="module.driver.adc.clearing" value="module.driver.adc.clearing.clear_after_read_on"/>
      <property id="module.driver.adc.mode" value="module.driver.adc.mode.mode_single_scan"/>
      <property id="module.driver.adc.skip_internal_calibration" value="module.driver.adc.skip_internal_calibration.skip_internal_calibration_false"/>
      <property id="module.driver.adc.scan_mask" value="module.driver.adc.scan_mask.default"/>
      <property id="module.driver.adc.channel_0" value="module.driver.adc.scan_mask.channel_0.unused"/>
      <property id="module.driver.adc.channel_1" value="module.driver.adc.scan_mask.channel_1.unused"/>
      <property id="module.driver.adc.channel_2" value="module.driver.adc.scan_mask.channel_2.unused"/>
      <property id="module.driver.adc.channel_3" value="module.driver.adc.channel_3.used"/>
      <property id="module.driver.adc.channel_4" value="module.driver.adc.channel_4.used"/>
      <property id="module.driver.adc.channel_5" value="module.driver.adc.scan_mask.channel_5.unused"/>
      <property id="module.driver.adc.channel_6" value="module.driver.adc.scan_mask.channel_6.unused"/>
      <property id="module.driver.adc.channel_7" value="module.driver.adc.scan_mask.channel_7.unused"/>
      <property id="module.driver.adc.channel_8" value="module.driver.adc.scan_mask.channel_8.unused"/>
      <property id="module.driver.adc.channel_9" value="module.driver.adc.scan_mask.channel_9.unused"/>
      <property id="module.driver.adc.channel_10" value="module.driver.adc.scan_mask.channel_10.unused"/>
      <property id="module.driver.adc.channel_11" value="module.driver.adc.scan_mask.channel_11.unused"/>
      <property id="module.driver.adc.channel_12" value="module.driver.adc.scan_mask.channel_12.unused"/>
      <property id="module.driver.adc.channel_13" value="module.driver.adc.scan_mask.channel_13.unused"/>
      <property id="module.driver.adc.channel_14" value="module.driver.adc.scan_mask.channel_14.unused"/>
      <property id="module.driver.adc.channel_15" value="module.driver.adc.scan_mask.channel_15.unused"/>
      <property id="module.driver.adc.channel_16" value="module.driver.adc.scan_mask.channel_16.unused"/>
      <property id="module.driver.adc.channel_17" value="module.driver.adc.scan_mask.channel_17.unused"/>
      <property id="module.driver.adc.channel_18" value="module.driver.adc.scan_mask.channel_18.unused"/>
      <property id="module.driver.adc.channel_19" value="module.driver.adc.scan_mask.channel_19.unused"/>
      <property id="module.driver.adc.channel_20" value="module.driver.adc.scan_mask.channel_20.unused"/>
      <property id="module.driver.adc.channel_21" value="module.driver.adc.scan_mask.channel_21.unused"/>
      <property id="module.driver.adc.channel_22" value="module.driver.adc.scan_mask.channel_22.unused"/>
      <property id="module.driver.adc.channel_23" value="module.driver.adc.scan_mask.channel_23.unused"/>
      <property id="module.driver.adc.channel_24" value="module.driver.adc.scan_mask.channel_24.unused"/>
      <property id="module.driver.adc.channel_25" value="module.driver.adc.scan_mask.channel_25.unused"/>
      <property id="module.driver.adc.channel_26" value="module.driver.adc.scan_mask.channel_26.unused"/>
      <property id="module.driver.adc.channel_27" value="module.driver.adc.scan_mask.channel_27.unused"/>
      <property id="module.driver.adc.channel_temperature" value="module.driver.adc.scan_mask.channel_temperature.unused"/>
      <property id="module.driver.adc.channel_voltage" value="module.driver.adc.scan_mask.channel_voltage.unused"/>
      <property id="module.driver.adc.trigger" value="module.driver.adc.trigger.trigger_software"/>
      <property id="module.driver.adc.trigger_group_b" value="module.driver.adc.trigger_group_b.trigger_sync_elc"/>
      <property id="module.driver.adc.priority_group_a" value="module.driver.adc.priority_group_a.group_a_priority_off"/>
      <property id="module.driver.adc.add_average_count" value="module.driver.adc.add_average_count.add_four"/>
      <property id="module.driver.adc.add_mask" value="module.driver.adc.add_mask.default"/>
      <property id="module.driver.adc.add_mask.channel_0" value="module.driver.adc.add_mask.channel_0.unused"/>
      <property id="module.driver.adc.add_mask.channel_1" value="module.driver.adc.add_mask.channel_1.unused"/>
      <property id="module.driver.adc.add_mask.channel_2" value="module.driver.adc.add_mask.channel_2.unused"/>
      <property id="module.driver.adc.add_mask.channel_3" value="module.driver.adc.add_mask.channel_3.used"/>
      <property id="module.driver.adc.add_mask.channel_4" value="module.driver.adc.add_mask.channel_4.used"/>
      <property id="module.driver.adc.add_mask.channel_5" value="module.driver.adc.add_mask.channel_5.unused"/>
      <property id="module.driver.adc.add_mask.channel_6" value="module.driver.adc.add_mask.channel_6.unused"/>
      <property id="module.driver.adc.add_mask.channel_7" value="module.driver.adc.add_mask.channel_7.unused"/>
      <property id="module.driver.adc.add_mask.channel_8" value="module.driver.adc.add_mask.channel_8.unused"/>
      <property id="module.driver.adc.add_mask.channel_9" value="module.driver.adc.add_mask.channel_9.unused"/>
      <property id="module.driver.adc.add_mask.channel_10" value="module.driver.adc.add_mask.channel_10.unused"/>
      <property id="module.driver.adc.add_mask.channel_11" value="module.driver.adc.add_mask.channel_11.unused"/>
      <property id="module.driver.adc.add_mask.channel_12" value="module.driver.adc.add_mask.channel_12.unused"/>
      <property id="module.driver.adc.add_mask.channel_13" value="module.driver.adc.add_mask.channel_13.unused"/>
      <property id="module.driver.adc.add_mask.channel_14" value="module.driver.adc.add_mask.channel_14.unused"/>
      <property id="module.driver.adc.add_mask.channel_15" value="module.driver.adc.add_mask.channel_15.unused"/>
      <property id="module.driver.adc.add_mask.channel_16" value="module.driver.adc.add_mask.channel_16.unused"/>
      <property id="module.driver.adc.add_mask.channel_17" value="module.driver.adc.add_mask.channel_17.unused"/>
      <property id="module.driver.adc.add_mask.channel_18" value="module.driver.adc.add_mask.channel_18.unused"/>
      <property id="module.driver.adc.add_mask.channel_19" value="module.driver.adc.add_mask.channel_19.unused"/>
      <property id="module.driver.adc.add_mask.channel_20" value="module.driver.adc.add_mask.channel_20.unused"/>
      <property id="module.driver.adc.add_mask.channel_21" value="module.driver.adc.add_mask.channel_21.unused"/>
      <property id="module.driver.adc.add_mask.channel_22" value="module.driver.adc.add_mask.channel_22.unused"/>
      <property id="module.driver.adc.add_mask.channel_23" value="module.driver.adc.add_mask.channel_23.unused"/>
      <property id="module.driver.adc.add_mask.channel_24" value="module.driver.adc.add_mask.channel_24.unused"/>
      <property id="module.driver.adc.add_mask.channel_25" value="module.driver.adc.add_mask.channel_25.unused"/>
      <property id="module.driver.adc.add_mask.channel_26" value="module.driver.adc.add_mask.channel_26.unused"/>
      <property id="module.driver.adc.add_mask.channel_27" value="module.driver.adc.add_mask.channel_27.unused"/>
      <property id="module.driver.adc.add_mask.channel_temperature" value="module.driver.adc.add_mask.channel_temperature.unused"/>
      <property id="module.driver.adc.add_mask.channel_voltage" value="module.driver.adc.add_mask.channel_voltage.unused"/>
      <property id="module.driver.adc.sample_hold_mask" value="module.driver.adc.sample_hold_mask.default"/>
      <property id="module.driver.adc.sample_hold_mask.channel_0" value="module.driver.adc.sample_hold_mask.channel_0.unused"/>
      <property id="module.driver.adc.sample_hold_mask.channel_1" value="module.driver.adc.sample_hold_mask.channel_1.unused"/>
      <property id="module.driver.adc.sample_hold_mask.channel_2" value="module.driver.adc.sample_hold_mask.channel_2.unused"/>
      <property id="module.driver.adc.sample_hold_states" value="24"/>
      <property id="module.driver.adc.p_callback" value="NULL"/>
      <property id="module.driver.adc.scan_end_ipl" value="board.icu.common.irq.priority3"/>
      <property id="module.driver.adc.scan_end_b_ipl" value="board.icu.common.irq.disabled"/>
    </module>
    <module id="module.driver.transfer_on_dtc.569722804">
      <property id="module.driver.transfer.name" value="g_transfer3"/>
      <property id="module.driver.transfer.mode" value="module.driver.transfer.mode.mode_normal"/>
      <property id="module.driver.transfer.size" value="module.driver.transfer.size.size_2_byte"/>
      <property id="module.driver.transfer.dest_addr_mode" value="module.driver.transfer.dest_addr_mode.addr_mode_fixed"/>
      <property id="module.driver.transfer.src_addr_mode" value="module.driver.transfer.src_addr_mode.addr_mode_fixed"/>
      <property id="module.driver.transfer.repeat_area" value="module.driver.transfer.repeat_area.repeat_area_source"/>
      <property id="module.driver.transfer.interrupt" value="module.driver.transfer.interrupt.interrupt_end"/>
      <property id="module.driver.transfer.p_dest" value="NULL"/>
      <property id="module.driver.transfer.p_src" value="NULL"/>
      <property id="module.driver.transfer.length" value="0"/>
      <property id="module.driver.transfer.num_blocks" value="0"/>
      <property id="module.driver.transfer.activation_source" value="module.driver.transfer.event.event_elc_software_event_0"/>
      <property id="module.driver.transfer.auto_enable" value="module.driver.transfer.auto_enable.true"/>
      <property id="module.driver.transfer.p_callback" value="NULL"/>
      <property id="module.driver.transfer.irq_ipl" value="board.icu.common.irq.priority3"/>
    </module>
    <module id="module.driver.timer_on_agt.600034681">
      <property id="module.driver.timer.name" value="g_timer0"/>
      <property id="module.driver.timer.channel" value="0"/>
      <property id="module.driver.timer.mode" value="module.driver.timer.mode.mode_periodic"/>
      <property id="module.driver.timer.period" value="100"/>
      <property id="module.driver.timer.unit" value="module.driver.timer.unit.unit_period_msec"/>
      <property id="module.driver.timer.autostart" value="module.driver.timer.autostart.true"/>
      <property id="module.driver.timer.count_source" value="module.driver.timer.count_source.clock_pclkb"/>
      <property id="module.driver.timer.agto_output_enabled" value="module.driver.timer.agto_output_enabled.false"/>
      <property id="module.driver.timer.agtio_output_enabled" value="module.driver.timer.agtio_output_enabled.false"/>
      <property id="module.driver.timer.output_inverted" value="module.driver.timer.output_inverted.false"/>
      <property id="module.driver.timer.agtoa_output_enable" value="module.driver.timer.agtoa_output_enable.false"/>
      <property id="module.driver.timer.agtob_output_enable" value="module.driver.timer.agtob_output_enable.false"/>
      <property id="module.driver.timer.p_callback" value="NULL"/>
      <property id="module.driver.timer.irq_ipl" value="board.icu.common.irq.disabled"/>
    </module>
    <module id="module.driver.timer_on_gpt.22534662">
      <property id="module.driver.timer.name" value="g_timer_pwm"/>
      <property id="module.driver.timer.channel" value="8"/>
      <property id="module.driver.timer.mode" value="module.driver.timer.mode.mode_pwm"/>
      <property id="module.driver.timer.shortest_pwm_signal" value="module.driver.timer.mode.shortest_pwm_signal_disabled"/>
      <property id="module.driver.timer.period" value="200"/>
      <property id="module.driver.timer.unit" value="module.driver.timer.unit.unit_frequency_hz"/>
      <property id="module.driver.timer.duty_cycle" value="50"/>
      <property id="module.driver.timer.duty_cycle_unit" value="module.driver.timer.duty_cycle_unit.unit_percent"/>
      <property id="module.driver.timer.autostart" value="module.driver.timer.autostart.false"/>
      <property id="module.driver.timer.gtioca_output_enabled" value="module.driver.timer.gtioca_output_enabled.false"/>
      <property id="module.driver.timer.gtioca_stop_level" value="module.driver.timer.gtioca_stop_level.pin_level_low"/>
      <property id="module.driver.timer.gtiocb_output_enabled" value="module.driver.timer.gtiocb_output_enabled.true"/>
      <property id="module.driver.timer.gtiocb_stop_level" value="module.driver.timer.gtiocb_stop_level.pin_level_low"/>
      <property id="module.driver.timer.p_callback" value="NULL"/>
      <property id="module.driver.timer.irq_ipl" value="board.icu.common.irq.disabled"/>
    </module>
    <module id="module.driver.transfer_on_dtc.1181789949">
      <property id="module.driver.transfer.name" value="g_transfer1"/>
      <property id="module.driver.transfer.mode" value="module.driver.transfer.mode.mode_normal"/>
      <property id="module.driver.transfer.size" value="module.driver.transfer.size.size_2_byte"/>
      <property id="module.driver.transfer.dest_addr_mode" value="module.driver.transfer.dest_addr_mode.addr_mode_fixed"/>
      <property id="module.driver.transfer.src_addr_mode" value="module.driver.transfer.src_addr_mode.addr_mode_fixed"/>
      <property id="module.driver.transfer.repeat_area" value="module.driver.transfer.repeat_area.repeat_area_source"/>
      <property id="module.driver.transfer.interrupt" value="module.driver.transfer.interrupt.interrupt_end"/>
      <property id="module.driver.transfer.p_dest" value="NULL"/>
      <property id="module.driver.transfer.p_src" value="NULL"/>
      <property id="module.driver.transfer.length" value="0"/>
      <property id="module.driver.transfer.num_blocks" value="0"/>
      <property id="module.driver.transfer.activation_source" value="module.driver.transfer.event.event_elc_software_event_0"/>
      <property id="module.driver.transfer.auto_enable" value="module.driver.transfer.auto_enable.true"/>
      <property id="module.driver.transfer.p_callback" value="NULL"/>
      <property id="module.driver.transfer.irq_ipl" value="board.icu.common.irq.priority2"/>
    </module>
    <module id="module.driver.transfer_on_dtc.1556319605">
      <property id="module.driver.transfer.name" value="g_transfer2"/>
      <property id="module.driver.transfer.mode" value="module.driver.transfer.mode.mode_normal"/>
      <property id="module.driver.transfer.size" value="module.driver.transfer.size.size_2_byte"/>
      <property id="module.driver.transfer.dest_addr_mode" value="module.driver.transfer.dest_addr_mode.addr_mode_fixed"/>
      <property id="module.driver.transfer.src_addr_mode" value="module.driver.transfer.src_addr_mode.addr_mode_fixed"/>
      <property id="module.driver.transfer.repeat_area" value="module.driver.transfer.repeat_area.repeat_area_source"/>
      <property id="module.driver.transfer.interrupt" value="module.driver.transfer.interrupt.interrupt_end"/>
      <property id="module.driver.transfer.p_dest" value="NULL"/>
      <property id="module.driver.transfer.p_src" value="NULL"/>
      <property id="module.driver.transfer.length" value="0"/>
      <property id="module.driver.transfer.num_blocks" value="0"/>
      <property id="module.driver.transfer.activation_source" value="module.driver.transfer.event.event_elc_software_event_0"/>
      <property id="module.driver.transfer.auto_enable" value="module.driver.transfer.auto_enable.true"/>
      <property id="module.driver.transfer.p_callback" value="NULL"/>
      <property id="module.driver.transfer.irq_ipl" value="board.icu.common.irq.priority2"/>
    </module>
    <module id="module.framework.sf_i2c_on_sf_i2c_v2.1805392354">
      <property id="module.framework.sf_i2c_v2.name" value="g_sf_i2c_493D"/>
      <property id="module.framework.sf_i2c_v2.slave" value="0x35"/>
      <property id="module.framework.sf_i2c_v2.addr_mode" value="module.framework.sf_i2c_v2.addr_mode.addr_mode_7bit"/>
    </module>
    <module id="module.framework.sf_i2c_on_sf_i2c_v2.2122147216">
      <property id="module.framework.sf_i2c_v2.name" value="g_sf_i2c_reset_FF"/>
      <property id="module.framework.sf_i2c_v2.slave" value="0xFF"/>
      <property id="module.framework.sf_i2c_v2.addr_mode" value="module.framework.sf_i2c_v2.addr_mode.addr_mode_7bit"/>
    </module>
    <module id="module.framework.sf_i2c_on_sf_i2c_v2.473009142">
      <property id="module.framework.sf_i2c_v2.name" value="g_sf_i2c_reset_00"/>
      <property id="module.framework.sf_i2c_v2.slave" value="0x00"/>
      <property id="module.framework.sf_i2c_v2.addr_mode" value="module.framework.sf_i2c_v2.addr_mode.addr_mode_7bit"/>
    </module>
    <module id="module.driver.timer_on_agt.748548351">
      <property id="module.driver.timer.name" value="g_modem_timer"/>
      <property id="module.driver.timer.channel" value="1"/>
      <property id="module.driver.timer.mode" value="module.driver.timer.mode.mode_periodic"/>
      <property id="module.driver.timer.period" value="10"/>
      <property id="module.driver.timer.unit" value="module.driver.timer.unit.unit_period_msec"/>
      <property id="module.driver.timer.autostart" value="module.driver.timer.autostart.false"/>
      <property id="module.driver.timer.count_source" value="module.driver.timer.count_source.clock_pclkb"/>
      <property id="module.driver.timer.agto_output_enabled" value="module.driver.timer.agto_output_enabled.false"/>
      <property id="module.driver.timer.agtio_output_enabled" value="module.driver.timer.agtio_output_enabled.false"/>
      <property id="module.driver.timer.output_inverted" value="module.driver.timer.output_inverted.false"/>
      <property id="module.driver.timer.agtoa_output_enable" value="module.driver.timer.agtoa_output_enable.false"/>
      <property id="module.driver.timer.agtob_output_enable" value="module.driver.timer.agtob_output_enable.false"/>
      <property id="module.driver.timer.p_callback" value="g_modem_timer_callback"/>
      <property id="module.driver.timer.irq_ipl" value="board.icu.common.irq.priority1"/>
    </module>
    <module id="module.framework.sf_comms_on_sf_uart_comms.1105285387">
      <property id="module.framework.sf_comms.name" value="g_sf_modem_uart0"/>
      <property id="module.framework.sf_comms.init_function" value="g_sf_modem_uart0_init"/>
      <property id="module.framework.sf_comms.init" value="module.framework.sf_comms.init.enable"/>
    </module>
    <module id="module.driver.uart_on_sci_uart.2124115901">
      <property id="module.driver.uart.name" value="g_uart0"/>
      <property id="module.driver.uart.channel" value="0"/>
      <property id="module.driver.uart.baud_rate" value="115200"/>
      <property id="module.driver.uart.data_bits" value="module.driver.uart.data_bits.data_bits_8"/>
      <property id="module.driver.uart.parity" value="module.driver.uart.parity.parity_off"/>
      <property id="module.driver.uart.stop_bits" value="module.driver.uart.stop_bits.stop_bits_1"/>
      <property id="module.driver.uart.ctsrts_en" value="module.driver.uart.ctsrts_en.false"/>
      <property id="module.driver.uart.callback" value="user_uart_callback"/>
      <property id="module.driver.uart.callback.rts_pin_ctrl" value="NULL"/>
      <property id="module.driver.uart.clk_src" value="module.driver.uart.clk_src.int_clk"/>
      <property id="module.driver.uart.baudclk_out" value="module.driver.uart.baudclk_out.false"/>
      <property id="module.driver.uart.rx_edge_start" value="module.driver.uart.rx_edge_start.true"/>
      <property id="module.driver.uart.noisecancel_en" value="module.driver.uart.noisecancel_en.false"/>
      <property id="module.driver.uart.bitrate_modulation" value="module.driver.uart.bitrate_modulation.false"/>
      <property id="module.driver.uart.rx_fifo_trigger" value="module.driver.uart.rx_fifo_trigger.max"/>
      <property id="module.driver.uart.rxi_ipl" value="board.icu.common.irq.priority2"/>
      <property id="module.driver.uart.txi_ipl" value="board.icu.common.irq.priority2"/>
      <property id="module.driver.uart.tei_ipl" value="board.icu.common.irq.priority2"/>
      <property id="module.driver.uart.eri_ipl" value="board.icu.common.irq.disabled"/>
    </module>
    <module id="module.driver.transfer_on_dtc.1157169834">
      <property id="module.driver.transfer.name" value="g_transfer0"/>
      <property id="module.driver.transfer.mode" value="module.driver.transfer.mode.mode_normal"/>
      <property id="module.driver.transfer.size" value="module.driver.transfer.size.size_2_byte"/>
      <property id="module.driver.transfer.dest_addr_mode" value="module.driver.transfer.dest_addr_mode.addr_mode_fixed"/>
      <property id="module.driver.transfer.src_addr_mode" value="module.driver.transfer.src_addr_mode.addr_mode_fixed"/>
      <property id="module.driver.transfer.repeat_area" value="module.driver.transfer.repeat_area.repeat_area_source"/>
      <property id="module.driver.transfer.interrupt" value="module.driver.transfer.interrupt.interrupt_end"/>
      <property id="module.driver.transfer.p_dest" value="NULL"/>
      <property id="module.driver.transfer.p_src" value="NULL"/>
      <property id="module.driver.transfer.length" value="0"/>
      <property id="module.driver.transfer.num_blocks" value="0"/>
      <property id="module.driver.transfer.activation_source" value="module.driver.transfer.event.event_elc_software_event_0"/>
      <property id="module.driver.transfer.auto_enable" value="module.driver.transfer.auto_enable.true"/>
      <property id="module.driver.transfer.p_callback" value="NULL"/>
      <property id="module.driver.transfer.irq_ipl" value="board.icu.common.irq.disabled"/>
    </module>
    <context id="_hal.0">
      <stack module="module.driver.ioport_on_ioport.0"/>
      <stack module="module.driver.cgc_on_cgc.0"/>
      <stack module="module.driver.elc_on_elc.0"/>
      <stack module="module.driver.fmi_on_fmi.0"/>
      <stack module="module.driver.timer_on_gpt.22534662"/>
    </context>
    <context id="rtos.threadx.thread.1985733007">
      <property id="_symbol" value="sensors_thread"/>
      <property id="rtos.threadx.thread.name" value="Sensors Thread"/>
      <property id="rtos.threadx.thread.stack" value="1024"/>
      <property id="rtos.threadx.thread.priority" value="4"/>
      <property id="rtos.threadx.thread.autostart" value="rtos.threadx.thread.autostart.enabled"/>
      <property id="rtos.threadx.thread.timeslice" value="10"/>
      <stack module="module.framework.sf_i2c_on_sf_i2c_v2.1723631471">
        <stack module="module.framework.sf_i2c_bus_on_sf_i2c_v2.1170951828" requires="module.framework.sf_i2c_on_sf_i2c.requires.sf_i2c_bus_v2">
          <stack module="module.driver.i2c_on_sci_i2c.1184187418" requires="module.framework.sf_i2c_on_sf_i2c.requires.i2c">
            <stack module="module.driver.transfer_on_dtc.1181789949" requires="module.driver.i2c_on_sci_i2c.requires.transfer_tx"/>
            <stack module="module.driver.transfer_on_dtc.1556319605" requires="module.driver.i2c_on_sci_i2c.requires.transfer_rx"/>
          </stack>
        </stack>
      </stack>
      <stack module="module.framework.sf_i2c_on_sf_i2c_v2.69414577">
        <stack module="module.framework.sf_i2c_bus_on_sf_i2c_v2.1170951828" requires="module.framework.sf_i2c_on_sf_i2c.requires.sf_i2c_bus_v2">
          <stack module="module.driver.i2c_on_sci_i2c.1184187418" requires="module.framework.sf_i2c_on_sf_i2c.requires.i2c">
            <stack module="module.driver.transfer_on_dtc.1181789949" requires="module.driver.i2c_on_sci_i2c.requires.transfer_tx"/>
            <stack module="module.driver.transfer_on_dtc.1556319605" requires="module.driver.i2c_on_sci_i2c.requires.transfer_rx"/>
          </stack>
        </stack>
      </stack>
      <stack module="module.framework.sf_i2c_on_sf_i2c_v2.1731292201">
        <stack module="module.framework.sf_i2c_bus_on_sf_i2c_v2.1170951828" requires="module.framework.sf_i2c_on_sf_i2c.requires.sf_i2c_bus_v2">
          <stack module="module.driver.i2c_on_sci_i2c.1184187418" requires="module.framework.sf_i2c_on_sf_i2c.requires.i2c">
            <stack module="module.driver.transfer_on_dtc.1181789949" requires="module.driver.i2c_on_sci_i2c.requires.transfer_tx"/>
            <stack module="module.driver.transfer_on_dtc.1556319605" requires="module.driver.i2c_on_sci_i2c.requires.transfer_rx"/>
          </stack>
        </stack>
      </stack>
      <stack module="module.framework.sf_i2c_on_sf_i2c_v2.620028317">
        <stack module="module.framework.sf_i2c_bus_on_sf_i2c_v2.1170951828" requires="module.framework.sf_i2c_on_sf_i2c.requires.sf_i2c_bus_v2">
          <stack module="module.driver.i2c_on_sci_i2c.1184187418" requires="module.framework.sf_i2c_on_sf_i2c.requires.i2c">
            <stack module="module.driver.transfer_on_dtc.1181789949" requires="module.driver.i2c_on_sci_i2c.requires.transfer_tx"/>
            <stack module="module.driver.transfer_on_dtc.1556319605" requires="module.driver.i2c_on_sci_i2c.requires.transfer_rx"/>
          </stack>
        </stack>
      </stack>
      <stack module="module.framework.sf_i2c_on_sf_i2c_v2.1364403424">
        <stack module="module.framework.sf_i2c_bus_on_sf_i2c_v2.1170951828" requires="module.framework.sf_i2c_on_sf_i2c.requires.sf_i2c_bus_v2">
          <stack module="module.driver.i2c_on_sci_i2c.1184187418" requires="module.framework.sf_i2c_on_sf_i2c.requires.i2c">
            <stack module="module.driver.transfer_on_dtc.1181789949" requires="module.driver.i2c_on_sci_i2c.requires.transfer_tx"/>
            <stack module="module.driver.transfer_on_dtc.1556319605" requires="module.driver.i2c_on_sci_i2c.requires.transfer_rx"/>
          </stack>
        </stack>
      </stack>
      <stack module="module.framework.sf_adc_periodic_on_sf_adc_periodic.1901070539">
        <stack module="module.driver.adc_on_adc.933038971" requires="module.framework.sf_adc_periodic.requires.adc"/>
        <stack module="module.driver.timer_on_agt.600034681" requires="module.framework.sf_adc_periodic.requires.timer"/>
        <stack module="module.driver.transfer_on_dtc.569722804" requires="module.framework.sf_adc_periodic.requires.transfer"/>
      </stack>
      <stack module="module.framework.sf_i2c_on_sf_i2c_v2.1805392354">
        <stack module="module.framework.sf_i2c_bus_on_sf_i2c_v2.1170951828" requires="module.framework.sf_i2c_on_sf_i2c.requires.sf_i2c_bus_v2">
          <stack module="module.driver.i2c_on_sci_i2c.1184187418" requires="module.framework.sf_i2c_on_sf_i2c.requires.i2c">
            <stack module="module.driver.transfer_on_dtc.1181789949" requires="module.driver.i2c_on_sci_i2c.requires.transfer_tx"/>
            <stack module="module.driver.transfer_on_dtc.1556319605" requires="module.driver.i2c_on_sci_i2c.requires.transfer_rx"/>
          </stack>
        </stack>
      </stack>
      <stack module="module.framework.sf_i2c_on_sf_i2c_v2.2122147216">
        <stack module="module.framework.sf_i2c_bus_on_sf_i2c_v2.1170951828" requires="module.framework.sf_i2c_on_sf_i2c.requires.sf_i2c_bus_v2">
          <stack module="module.driver.i2c_on_sci_i2c.1184187418" requires="module.framework.sf_i2c_on_sf_i2c.requires.i2c">
            <stack module="module.driver.transfer_on_dtc.1181789949" requires="module.driver.i2c_on_sci_i2c.requires.transfer_tx"/>
            <stack module="module.driver.transfer_on_dtc.1556319605" requires="module.driver.i2c_on_sci_i2c.requires.transfer_rx"/>
          </stack>
        </stack>
      </stack>
      <stack module="module.framework.sf_i2c_on_sf_i2c_v2.473009142">
        <stack module="module.framework.sf_i2c_bus_on_sf_i2c_v2.1170951828" requires="module.framework.sf_i2c_on_sf_i2c.requires.sf_i2c_bus_v2">
          <stack module="module.driver.i2c_on_sci_i2c.1184187418" requires="module.framework.sf_i2c_on_sf_i2c.requires.i2c">
            <stack module="module.driver.transfer_on_dtc.1181789949" requires="module.driver.i2c_on_sci_i2c.requires.transfer_tx"/>
            <stack module="module.driver.transfer_on_dtc.1556319605" requires="module.driver.i2c_on_sci_i2c.requires.transfer_rx"/>
          </stack>
        </stack>
      </stack>
      <object id="rtos.threadx.object.semaphore.1371536638">
        <property id="rtos.threadx.object.semaphore.name" value="MLX9039 Data Ready Semaphore"/>
        <property id="rtos.threadx.object.semaphore.symbol" value="g_mx_drdy_semaphore"/>
        <property id="rtos.threadx.object.semaphore.count" value="0"/>
      </object>
    </context>
    <context id="rtos.threadx.thread.591789618">
      <property id="_symbol" value="modem_thread"/>
      <property id="rtos.threadx.thread.name" value="Modem Thread"/>
      <property id="rtos.threadx.thread.stack" value="2048"/>
      <property id="rtos.threadx.thread.priority" value="5"/>
      <property id="rtos.threadx.thread.autostart" value="rtos.threadx.thread.autostart.enabled"/>
      <property id="rtos.threadx.thread.timeslice" value="1"/>
      <stack module="module.driver.timer_on_agt.748548351"/>
    </context>
    <context id="rtos.threadx.thread.199174897">
      <property id="_symbol" value="uart0_receive_thread"/>
      <property id="rtos.threadx.thread.name" value="UART0 Receiver"/>
      <property id="rtos.threadx.thread.stack" value="1024"/>
      <property id="rtos.threadx.thread.priority" value="3"/>
      <property id="rtos.threadx.thread.autostart" value="rtos.threadx.thread.autostart.enabled"/>
      <property id="rtos.threadx.thread.timeslice" value="1"/>
      <stack module="module.framework.sf_comms_on_sf_uart_comms.1105285387">
        <stack module="module.driver.uart_on_sci_uart.2124115901" requires="module.framework.sf_comms_on_sf_uart_comms.requires.uart">
          <stack module="module.driver.transfer_on_dtc.1157169834" requires="module.driver.uart_on_sci_uart.requires.transfer_tx"/>
        </stack>
      </stack>
    </context>
    <config id="config.driver.cgc">
      <property id="config.driver.cgc.param_checking_enable" value="config.driver.cgc.param_checking_enable.bsp"/>
      <property id="config.driver.cgc.main_osc_wait" value="config.driver.cgc.main_osc_wait.wait_547"/>
      <property id="config.driver.cgc.main_osc_clock_source" value="config.driver.cgc.main_osc_clock_source.crystal"/>
      <property id="config.driver.cgc.osc_stop_det_used" value="config.driver.cgc.osc_stop_det_used.enabled"/>
      <property id="config.driver.cgc.subclock_drive" value="config.driver.cgc.subclock_drive.standard"/>
      <property id="config.driver.cgc.subclock_at_reset_enable" value="config.driver.cgc.subclock_at_reset_enable.enabled"/>
      <property id="config.driver.cgc.low_voltage_mode" value="config.driver.cgc.low_voltage_mode.disabled"/>
    </config>
    <config id="config.driver.ioport">
      <property id="config.driver.ioport.checking" value="config.driver.ioport.checking.system"/>
    </config>
    <config id="config.threadx.thread"/>
    <config id="config.driver.adc">
      <property id="config.driver.adc.param_checking_enable" value="config.driver.adc.param_checking_enable.enabled"/>
    </config>
    <config id="config.driver.sci_uart">
      <property id="config.driver.sci_uart.external_rts_operation" value="config.driver.sci_uart.external_rts_operation.disabled"/>
      <property id="config.driver.sci_uart.uart_rx_enable" value="config.driver.sci_uart.uart_rx_enable.enabled"/>
      <property id="config.driver.sci_uart.uart_tx_enable" value="config.driver.sci_uart.uart_tx_enable.enabled"/>
      <property id="config.driver.sci_uart.param_checking_enable" value="config.driver.sci_uart.param_checking_enable.bsp"/>
    </config>
    <config id="config.framework.sf_adc_periodic">
      <property id="config.framework.sf_adc_periodic.param_checking_enable" value="config.framework.sf_adc_periodic.param_checking_enable.bsp"/>
    </config>
    <config id="config.driver.sci_i2c">
      <property id="config.driver.sci_i2c.param_checking_enable" value="config.driver.sci_i2c.param_checking_enable.bsp"/>
    </config>
    <config id="config.driver.gpt">
      <property id="config.driver.gpt.param_checking_enable" value="config.driver.gpt.param_checking_enable.bsp"/>
    </config>
    <config id="config.framework.sf_i2c">
      <property id="config.framework.sf_i2c.param_checking_enable" value="config.framework.sf_i2c.param_checking_enable.enabled"/>
    </config>
    <config id="config.framework.sf_i2c_v2">
      <property id="config.framework.sf_i2c_v2.param_checking_enable" value="config.framework.sf_i2c_v2.param_checking_enable.enabled"/>
    </config>
    <config id="config.driver.fmi">
      <property id="config.driver.fmi.param_checking_enable" value="config.driver.fmi.param_checking_enable.bsp"/>
      <property id="config.driver.fmi.custom_base_address_symbol" value="g_fmi_data"/>
      <property id="config.driver.fmi.part_number_mask" value="0xFE00"/>
    </config>
    <config id="config.driver.elc">
      <property id="config.driver.elc.checking" value="config.driver.elc.checking.system"/>
    </config>
    <config id="config.framework.sf_uart_comms">
      <property id="config.framework.sf_comms.param_checking_enable" value="config.framework.sf_comms.param_checking_enable.disabled"/>
      <property id="config.framework.sf_comms.read_size" value="256"/>
    </config>
    <config id="config.driver.agt">
      <property id="config.driver.agt.param_checking_enable" value="config.driver.agt.param_checking_enable.bsp"/>
    </config>
    <config id="config.driver.dtc">
      <property id="config.driver.dtc.param_checking_enable" value="config.driver.dtc.param_checking_enable.bsp"/>
      <property id="config.driver.dtc.software_start" value="config.driver.dtc.software_start.disabled"/>
      <property id="config.driver.dtc.vector_table" value=".ssp_dtc_vector_table"/>
    </config>
  </synergyModuleConfiguration>
  <synergyPinConfiguration>
    <pincfg active="true" name="S3A7_RUT_L865.pincfg" symbol="g_bsp_pin_cfg"/>
  </synergyPinConfiguration>
</synergyConfiguration>
