﻿<?xml version="1.0" ?>
<synergyModuleDescription>
    <config id="config.framework.sf_crypto_cipher" path="ssp_cfg/framework/sf_crypto_cipher_cfg.h" version="0">
        <property default="config.framework.sf_crypto_cipher.param_checking_enable.bsp" display="Parameter Checking" id="config.framework.sf_crypto_cipher.param_checking_enable">
            <option display="Default (BSP)" id="config.framework.sf_crypto_cipher.param_checking_enable.bsp" value="(BSP_CFG_PARAM_CHECKING_ENABLE)"/>
            <option display="Enabled"       id="config.framework.sf_crypto_cipher.param_checking_enable.enabled" value="(1)"/>
            <option display="Disabled"      id="config.framework.sf_crypto_cipher.param_checking_enable.disabled" value="(0)"/>
        </property>
        <content>
            #define SF_CRYPTO_CIPHER_CFG_PARAM_CHECKING_ENABLE ${config.framework.sf_crypto_cipher.param_checking_enable}
        </content>
    </config>
    <module config="config.framework.sf_crypto_cipher" display="Framework|Crypto|${module.framework.sf_crypto_cipher.name} Crypto Cipher Framework on sf_crypto_cipher" id="module.framework.sf_crypto_cipher" version="1" url="https://knowledgebase.renesas.com/English_Content/Renesas_Synergy%E2%84%A2_Platform/Renesas_Synergy_Knowledge_Base/sf_crypto_Module_Guide_Resources">
        <constraint display="Module instances must have unique names">
            "${interface.framework.sf_crypto_cipher.${module.framework.sf_crypto_cipher.name}}" === "1"
        </constraint>

        <constraint display="Byte Pool Size per instance should be > 600 bytes for AES key types and > 1200 bytes for RSA key types.">
            (("${module.framework.sf_crypto_cipher.key_type}" === "module.framework.sf_crypto_cipher.key_type.rsa_plain_text" || 
              "${module.framework.sf_crypto_cipher.key_type}" === "module.framework.sf_crypto_cipher.key_type.rsa_crt_plain_text" || 
              "${module.framework.sf_crypto_cipher.key_type}" === "module.framework.sf_crypto_cipher.key_type.rsa_wrapped") &amp;&amp; 
            (("${module.framework.sf_crypto_cipher.requires.sf_crypto::module.framework.sf_crypto.memory_pool_size}") &gt;= 1200) || 
             ("${module.framework.sf_crypto_cipher.key_type}" === "module.framework.sf_crypto_cipher.key_type.aes_plain_text" || 
              "${module.framework.sf_crypto_cipher.key_type}" === "module.framework.sf_crypto_cipher.key_type.wrapped_aes") &amp;&amp; 
            (("${module.framework.sf_crypto_cipher.requires.sf_crypto::module.framework.sf_crypto.memory_pool_size}") &gt;= 600)) 
        </constraint>

         <constraint display="For AES key types, key_size must be from AES 128/192/256/Xts 128/ Xts 256-bits. For RSA key types, key_size must be from RSA 1024/2048-bits.">
           (("${module.framework.sf_crypto_cipher.key_type}" === "module.framework.sf_crypto_cipher.key_type.aes_plain_text" || 
             "${module.framework.sf_crypto_cipher.key_type}" === "module.framework.sf_crypto_cipher.key_type.wrapped_aes") &amp;&amp; 
             ("${module.framework.sf_crypto_cipher.key_size}" === "module.framework.sf_crypto_cipher.key_size.aes_128b" ||            
              "${module.framework.sf_crypto_cipher.key_size}" === "module.framework.sf_crypto_cipher.key_size.aes_192b" ||
              "${module.framework.sf_crypto_cipher.key_size}"=== "module.framework.sf_crypto_cipher.key_size.aes_256b" ||
              "${module.framework.sf_crypto_cipher.key_size}" === "module.framework.sf_crypto_cipher.key_size.aes_128b_xts" ||
              "${module.framework.sf_crypto_cipher.key_size}" === "module.framework.sf_crypto_cipher.key_size.aes_256b_xts")  ||
             ("${module.framework.sf_crypto_cipher.key_type}" === "module.framework.sf_crypto_cipher.key_type.rsa_plain_text" || 
              "${module.framework.sf_crypto_cipher.key_type}" === "module.framework.sf_crypto_cipher.key_type.rsa_crt_plain_text" || 
              "${module.framework.sf_crypto_cipher.key_type}" === "module.framework.sf_crypto_cipher.key_type.rsa_wrapped") &amp;&amp; 
              ("${module.framework.sf_crypto_cipher.key_size}" === "module.framework.sf_crypto_cipher.key_size.rsa_1024b" ||
              "${module.framework.sf_crypto_cipher.key_size}" === "module.framework.sf_crypto_cipher.key_size.rsa_2048b"))
        </constraint>

        <constraint display="For AES XTS chaining mode, Key size must be AES /Xts 128-bits/Xts 256-bits.">
            ((("${module.framework.sf_crypto_cipher.key_type}" === "module.framework.sf_crypto_cipher.key_type.aes_plain_text" || 
               "${module.framework.sf_crypto_cipher.key_type}" === "module.framework.sf_crypto_cipher.key_type.wrapped_aes") &amp;&amp;
              (("${module.framework.sf_crypto_cipher.key_size}" === "module.framework.sf_crypto_cipher.key_size.aes_128b_xts" ||
               "${module.framework.sf_crypto_cipher.key_size}" === "module.framework.sf_crypto_cipher.key_size.aes_256b_xts") &amp;&amp;
               "${module.framework.sf_crypto_cipher.cipher_chaining_mode}" === "module.framework.sf_crypto_cipher.cipher_chaining_mode.aes_xts") ||
              (("${module.framework.sf_crypto_cipher.key_size}" === "module.framework.sf_crypto_cipher.key_size.aes_128b" ||
               "${module.framework.sf_crypto_cipher.key_size}" === "module.framework.sf_crypto_cipher.key_size.aes_192b" ||
               "${module.framework.sf_crypto_cipher.key_size}" === "module.framework.sf_crypto_cipher.key_size.aes_256b") &amp;&amp;
               "${module.framework.sf_crypto_cipher.cipher_chaining_mode}" != "module.framework.sf_crypto_cipher.cipher_chaining_mode.aes_xts")) ||
             (("${module.framework.sf_crypto_cipher.key_type}" === "module.framework.sf_crypto_cipher.key_type.rsa_plain_text" || 
              "${module.framework.sf_crypto_cipher.key_type}" === "module.framework.sf_crypto_cipher.key_type.rsa_crt_plain_text" || 
              "${module.framework.sf_crypto_cipher.key_type}" === "module.framework.sf_crypto_cipher.key_type.rsa_wrapped") &amp;&amp; 
              ("${module.framework.sf_crypto_cipher.key_size}" === "module.framework.sf_crypto_cipher.key_size.rsa_1024b" ||
              "${module.framework.sf_crypto_cipher.key_size}" === "module.framework.sf_crypto_cipher.key_size.rsa_2048b")))
        </constraint>


        <requires interface="_rtos" />
        <requires id="module.framework.sf_crypto_cipher.requires.sf_crypto" interface="interface.framework.sf_crypto" display="Add Crypto Common Framework" />
        <requires id="module.framework.sf_crypto_cipher.requires.sf_crypto_trng" interface="interface.framework.sf_crypto_trng" display="Add Crypto TRNG Framework Module" />
        <provides interface="interface.framework.sf_crypto_cipher" />
        <provides interface="interface.framework.sf_crypto_cipher.${module.framework.sf_crypto_cipher.name}" />

        <property default="g_sf_crypto_cipher${_instance}" display="Name" id="module.framework.sf_crypto_cipher.name">
            <constraint display="Name must be a valid C symbol">testSymbol("${module.framework.sf_crypto_cipher.name}")</constraint>
        </property>
        <property id="module.framework.sf_crypto_cipher.key_type" display="Key type" default="module.framework.sf_crypto_cipher.key_type.rsa_plain_text">
            <option display="RSA Plain text" id="module.framework.sf_crypto_cipher.key_type.rsa_plain_text" value="SF_CRYPTO_KEY_TYPE_RSA_PLAIN_TEXT"/>
            <option display="RSA CRT Plain text" id="module.framework.sf_crypto_cipher.key_type.rsa_crt_plain_text" value="SF_CRYPTO_KEY_TYPE_RSA_CRT_PLAIN_TEXT"/>
            <option display="RSA Wrapped" id="module.framework.sf_crypto_cipher.key_type.rsa_wrapped" value="SF_CRYPTO_KEY_TYPE_RSA_WRAPPED"/>
            <option display="AES Plain Text" id="module.framework.sf_crypto_cipher.key_type.aes_plain_text" value="SF_CRYPTO_KEY_TYPE_AES_PLAIN_TEXT"/>
           <option display="AES Wrapped" id="module.framework.sf_crypto_cipher.key_type.wrapped_aes" value="SF_CRYPTO_KEY_TYPE_AES_WRAPPED"/>
        </property>
        <property id="module.framework.sf_crypto_cipher.key_size" display="Key size" default="module.framework.sf_crypto_cipher.key_size.rsa_2048b">
            <option display="RSA 1024-bits" id="module.framework.sf_crypto_cipher.key_size.rsa_1024b" value="SF_CRYPTO_KEY_SIZE_RSA_1024"/>
            <option display="RSA 2048-bits" id="module.framework.sf_crypto_cipher.key_size.rsa_2048b" value="SF_CRYPTO_KEY_SIZE_RSA_2048"/>
            <option display="AES 128-bits" id="module.framework.sf_crypto_cipher.key_size.aes_128b" value="SF_CRYPTO_KEY_SIZE_AES_128"/>
            <option display="AES 128-bits XTS" id="module.framework.sf_crypto_cipher.key_size.aes_128b_xts" value="SF_CRYPTO_KEY_SIZE_AES_XTS_128"/>
            <option display="AES 192-bits" id="module.framework.sf_crypto_cipher.key_size.aes_192b" value="SF_CRYPTO_KEY_SIZE_AES_192"/>
            <option display="AES 256-bits" id="module.framework.sf_crypto_cipher.key_size.aes_256b" value="SF_CRYPTO_KEY_SIZE_AES_256"/>
            <option display="AES 256-bits XTS" id="module.framework.sf_crypto_cipher.key_size.aes_256b_xts" value="SF_CRYPTO_KEY_SIZE_AES_XTS_256"/>
        </property>
        <property id="module.framework.sf_crypto_cipher.cipher_chaining_mode" display="Cipher chaining_mode" default="module.framework.sf_crypto_cipher.cipher_chaining_mode.SF_CRYPTO_CIPHER_MODE_ECB">
            <option display="ECB" id="module.framework.sf_crypto_cipher.cipher_chaining_mode.aes_ecb" value="SF_CRYPTO_CIPHER_MODE_ECB"/>
            <option display="CBC" id="module.framework.sf_crypto_cipher.cipher_chaining_mode.aes_cbc" value="SF_CRYPTO_CIPHER_MODE_CBC"/>
            <option display="CTR" id="module.framework.sf_crypto_cipher.cipher_chaining_mode.aes_ctr" value="SF_CRYPTO_CIPHER_MODE_CTR"/>
            <option display="GCM" id="module.framework.sf_crypto_cipher.cipher_chaining_mode.aes_gcm" value="SF_CRYPTO_CIPHER_MODE_GCM"/>
            <option display="XTS" id="module.framework.sf_crypto_cipher.cipher_chaining_mode.aes_xts" value="SF_CRYPTO_CIPHER_MODE_XTS"/>
        </property>
        <property default="sf_crypto_cipher_init${_instance}" display="Name of generated initialization function" id="module.framework.sf_crypto_cipher.init_function">
            <constraint display="Name must be a valid C symbol">testSymbol("${module.framework.sf_crypto_cipher.init_function}")</constraint>
        </property>
        <property default="module.framework.sf_crypto_cipher.init.enable" display="Auto Initialization" id="module.framework.sf_crypto_cipher.init">
            <option display="Enable"  id="module.framework.sf_crypto_cipher.init.enable"  value="1"/>
            <option display="Disable" id="module.framework.sf_crypto_cipher.init.disable" value="0"/>
        </property>

        <header>
            extern sf_crypto_cipher_instance_t ${module.framework.sf_crypto_cipher.name};
            void ${module.framework.sf_crypto_cipher.name}_err_callback(void * p_instance, void * p_data);
            void ${module.framework.sf_crypto_cipher.init_function}(void);
        </header>
        <includes>
            #include &quot;sf_crypto_cipher.h&quot;
        </includes>
        <declarations>
            #if defined(__ICCARM__)
            #define ${module.framework.sf_crypto_cipher.name}_err_callback_WEAK_ATTRIBUTE
            #pragma weak ${module.framework.sf_crypto_cipher.name}_err_callback  = ${module.framework.sf_crypto_cipher.name}_err_callback_internal
            #elif defined(__GNUC__)
            #define ${module.framework.sf_crypto_cipher.name}_err_callback_WEAK_ATTRIBUTE __attribute__ ((weak, alias("${module.framework.sf_crypto_cipher.name}_err_callback_internal")))
            #endif
            void ${module.framework.sf_crypto_cipher.name}_err_callback(void * p_instance, void * p_data) ${module.framework.sf_crypto_cipher.name}_err_callback_WEAK_ATTRIBUTE;

            /* Control block for ${module.framework.sf_crypto_cipher.name}. */
            sf_crypto_cipher_instance_ctrl_t ${module.framework.sf_crypto_cipher.name}_ctrl;

            /* Configuration structure for ${module.framework.sf_crypto_cipher.name}. */
            sf_crypto_cipher_cfg_t ${module.framework.sf_crypto_cipher.name}_cfg =
            {
                .key_type                  = ${module.framework.sf_crypto_cipher.key_type},
                .key_size                  = ${module.framework.sf_crypto_cipher.key_size},
                .cipher_chaining_mode      = ${module.framework.sf_crypto_cipher.cipher_chaining_mode},
                .p_lower_lvl_crypto_common = (sf_crypto_instance_t *)&amp;${module.framework.sf_crypto_cipher.requires.sf_crypto::module.framework.sf_crypto.name}, 
                .p_lower_lvl_crypto_trng   = (sf_crypto_trng_instance_t *)&amp;${module.framework.sf_crypto_cipher.requires.sf_crypto_trng::module.framework.sf_crypto_trng.name}, 
                .p_extend                  = NULL, 

            };
            /* Instance structure for ${module.framework.sf_crypto_cipher.name}. */
            sf_crypto_cipher_instance_t ${module.framework.sf_crypto_cipher.name} = 
            {
                .p_ctrl = &amp;${module.framework.sf_crypto_cipher.name}_ctrl,
                .p_cfg  = &amp;${module.framework.sf_crypto_cipher.name}_cfg,
                .p_api  = &amp;g_sf_crypto_cipher_on_sf_crypto_cipher
            };

            /*******************************************************************************************************************//**
            * @brief      This is a weak example initialization error function.  It should be overridden by defining a user  function 
            *             with the prototype below.
            *             - void ${module.framework.sf_crypto_cipher.name}_err_callback(void * p_instance, void * p_data)
            *
            * @param[in]  p_instance arguments used to identify which instance caused the error and p_data Callback arguments used to identify what error caused the callback.
            **********************************************************************************************************************/
            void ${module.framework.sf_crypto_cipher.name}_err_callback_internal(void * p_instance, void * p_data);
            void ${module.framework.sf_crypto_cipher.name}_err_callback_internal(void * p_instance, void * p_data)
            {
                /** Suppress compiler warning for not using parameters. */
                SSP_PARAMETER_NOT_USED(p_instance);
                SSP_PARAMETER_NOT_USED(p_data);

                /** An error has occurred. Please check function arguments for more information. */
                BSP_CFG_HANDLE_UNRECOVERABLE_ERROR(0);
            }

            /*******************************************************************************************************************//**
            * @brief     Initialization function that the user can choose to have called automatically during thread entry.
            *            The user can call this function at a later time if desired using the prototype below.
            *            - void ${module.framework.sf_crypto_cipher.init_function}(void)
            **********************************************************************************************************************/
            void ${module.framework.sf_crypto_cipher.init_function}(void)
            {
                ssp_err_t ssp_err_${module.framework.sf_crypto_cipher.name};
                ssp_err_${module.framework.sf_crypto_cipher.name} = ${module.framework.sf_crypto_cipher.name}.p_api->open(${module.framework.sf_crypto_cipher.name}.p_ctrl, ${module.framework.sf_crypto_cipher.name}.p_cfg);
                if (SSP_SUCCESS != ssp_err_${module.framework.sf_crypto_cipher.name})
                {
                    ${module.framework.sf_crypto_cipher.name}_err_callback((void *)&amp;${module.framework.sf_crypto_cipher.name},&amp;ssp_err_${module.framework.sf_crypto_cipher.name});
                }
            }
        </declarations>
        <init>
            /** Call initialization function for ${module.framework.sf_crypto_cipher.name}. */
            #if (${module.framework.sf_crypto_cipher.init})
            /** Call initialization function if user has selected to do so. */
            ${module.framework.sf_crypto_cipher.init_function}();
            #endif
        </init>
    </module>
</synergyModuleDescription>
