﻿<?xml version="1.0" encoding="UTF-8"?>

<synergyModuleDescription>
    <config id="config.el.ux_host_class_video" path="ssp_cfg/framework/el/ux_host_class_video_user.h" version="0">
        <content>
        </content>
    </config>
    <module config="config.el.ux_host_class_video" display="X-Ware|USBX|Host|Classes|Video|${module.el.host_class.name} USBX Host Class Video" id="module.el.ux.ux_host_class_video" common="100" version="1" url="https://knowledgebase.renesas.com/English_Content/Renesas_Synergy%E2%84%A2_Platform/Renesas_Synergy_Knowledge_Base/USBX_Host_Class_Video_Module_Guide_Resources">
        <constraint display="Module instances must have unique names">
            "${interface.el.ux.ux_host_class_video.${module.el.host_class.name}}" === "1"
        </constraint>
        <requires interface="_rtos" />
        <requires interface="interface.el.ux_host_class_video_src" display="Add USBX Host Class Video Source [Optional]" id="module.el.ux_host_class_storage.requires.ux_host_class_video_src" find="false" />
        <requires id="module.el.host_class.requires.ux_host" interface="interface.el.ux_host" display="Add USB Host Configuration" />
        <provides interface="interface.el.ux.ux_host_class_video" />
        <provides interface="interface.el.ux.ux_host_class_video.${module.el.host_class.name}" />
        <property default="g_ux_host_class_video${_instance}" display="Class Instance Name" id="module.el.host_class.name">
            <constraint display="Name must be a valid C symbol">testSymbol("${module.el.host_class.name}")</constraint>
        </property>
        <header>
            #include "ux_api.h"
            #include "ux_host_class_video.h"

            /* Pointer to a USBX Host Video Class Instance */
            extern UX_HOST_CLASS_VIDEO * ${module.el.host_class.name};
        </header>
        <macros>
            #define USB_HOST_VIDEO_CLASS_REGISTER
        </macros>
        <declarations>
            /* Pointer to a USBX Host Video Class Instance */
            UX_HOST_CLASS_VIDEO * ${module.el.host_class.name};
        </declarations>
        <init>
        </init>
    </module>
</synergyModuleDescription>

