﻿<?xml version="1.0" ?>
<synergyModuleDescription>
<!-- SF Periodic ADC XML START here-->  
    <config id="config.framework.sf_adc_periodic" path="ssp_cfg/framework/sf_adc_periodic_cfg.h" version="0">
        <property default="config.framework.sf_adc_periodic.param_checking_enable.bsp" display="Parameter Checking" id="config.framework.sf_adc_periodic.param_checking_enable" description="Selects if code for parameter checking is to be included in the build.">
            <option display="Default (BSP)" id="config.framework.sf_adc_periodic.param_checking_enable.bsp" value="(BSP_CFG_PARAM_CHECKING_ENABLE)"/>
            <option display="Enabled" id="config.framework.sf_adc_periodic.param_checking_enable.enabled" value="(1)"/>
            <option display="Disabled" id="config.framework.sf_adc_periodic.param_checking_enable.disabled" value="(0)"/>
        </property>
        <content>#define SF_ADC_PERIODIC_CFG_PARAM_CHECKING_ENABLE ${config.framework.sf_adc_periodic.param_checking_enable}
        </content>
    </config>   
    <module config="config.framework.sf_adc_periodic" display="Framework|Analog|${module.framework.sf_adc_periodic.name} ADC Periodic Framework on sf_adc_periodic" id="module.framework.sf_adc_periodic_on_sf_adc_periodic" version="1" url="https://knowledgebase.renesas.com/English_Content/Renesas_Synergy%E2%84%A2_Platform/Renesas_Synergy_Knowledge_Base/sf_adc_periodic_Module_Guide_Resources">
         <constraint display="Module instances must have unique names">
            "${interface.framework.sf_adc_periodic.${module.framework.sf_adc_periodic.name}}" === "1"
        </constraint>
        <constraint display="Requires ADC Driver">
            testExists("${module.framework.sf_adc_periodic.requires.adc::module.driver.adc.name}")
        </constraint>
        <constraint display="Requires Timer Driver">
            testExists("${module.framework.sf_adc_periodic.requires.timer::module.driver.timer.name}")
        </constraint>
        <constraint display="Requires DTC Driver">
            testExists("${module.framework.sf_adc_periodic.requires.transfer::module.driver.transfer.name}")
        </constraint>
        <requires interface="_rtos" />
        <requires id="module.framework.sf_adc_periodic.requires.adc" interface="interface.driver.adc" display="Add ADC Driver" >
            <override property="module.driver.adc.trigger" value= "module.driver.adc.trigger.trigger_sync_elc"/>
            <override property="module.driver.adc.mode" value= "module.driver.adc.mode.mode_single_scan"/>
            <override property="module.driver.adc.p_callback" value= "NULL"/>
        </requires>
        <requires id="module.framework.sf_adc_periodic.requires.timer" interface="interface.driver.timer" display="Add Timer Driver" > <!-- Requires GPT or AGT -->
            <override property="module.driver.timer.mode" value= "module.driver.timer.mode.mode_periodic"/>
            <override property="module.driver.timer.autostart" value= "module.driver.timer.autostart.false"/>
            <override property="module.driver.timer.p_callback" value= "NULL"/>
        </requires>        
        <requires id="module.framework.sf_adc_periodic.requires.transfer" interface="interface.driver.transfer_on_dtc" display="Add DTC Driver" > <!-- Requires DTC currently. Cannot use DMAC. -->
			<override property="module.driver.transfer.size" value= "module.driver.transfer.size.size_2_byte"/>
			<override property="module.driver.transfer.mode" value= "module.driver.transfer.mode.mode_block"/>
			<override property="module.driver.transfer.dest_addr_mode" value="module.driver.transfer.dest_addr_mode.addr_mode_incremented"/>
			<override property="module.driver.transfer.src_addr_mode" value="module.driver.transfer.src_addr_mode.addr_mode_incremented"/>
			<override property="module.driver.transfer.repeat_area" value="module.driver.transfer.repeat_area.repeat_area_source"/>
			<override property="module.driver.transfer.p_dest" value="NULL"/>
			<override property="module.driver.transfer.p_src" value="NULL"/>
			<override property="module.driver.transfer.length" value="1"/>
			<override property="module.driver.transfer.interrupt" value="module.driver.transfer.interrupt.interrupt_end"/>
			<override property="module.driver.transfer.num_blocks" value="1"/>
			<override property="module.driver.transfer.auto_enable" value="module.driver.transfer.auto_enable.false"/>
			<override property="module.driver.transfer.p_callback" value="NULL"/>
			<override property="module.driver.transfer.activation_source" value="module.driver.transfer.event.event_s12ad0_adi"/>
		</requires>
        <provides interface="interface.framework.sf_adc_periodic" />
        <provides interface="interface.framework.sf_adc_periodic_on_sf_adc_periodic" />
        <provides interface="interface.framework.sf_adc_periodic.${module.framework.sf_adc_periodic.name}" />
        <property id="module.framework.sf_adc_periodic.name" display="Name" default="g_sf_adc_periodic${_instance}" description="Module name.">
            <constraint display="Name must be a valid C symbol">testSymbol("${module.framework.sf_adc_periodic.name}")</constraint>
        </property>     
        <property id="module.framework.sf_adc_periodic.data_buffer" display="Name of the data-buffer to store samples" default="g_user_buffer" description="Specify the name of the data buffer that that will store samples.">
            <constraint display="Name must be a valid C symbol">testSymbol("${module.framework.sf_adc_periodic.data_buffer}")</constraint>
        </property> 
        <property id="module.framework.sf_adc_periodic.data_buffer_length" display="Length of the data-buffer" default="128" description="Specify the length of the data buffer.">
            <constraint display="Value must be an integer greater than 0">testInteger("${module.framework.sf_adc_periodic.data_buffer_length}")  &amp;&amp; ("${module.framework.sf_adc_periodic.data_buffer_length}" &gt; 0)</constraint>
        </property>
        <property id="module.framework.sf_adc_periodic.sample_count" display="Number of sampling iterations" default="10" description="Specify the number of samples per iteration.">
            <constraint display="Value must be an integer greater than 0">testInteger("${module.framework.sf_adc_periodic.sample_count}")  &amp;&amp; ("${module.framework.sf_adc_periodic.sample_count}" &gt; 0)</constraint>
        </property>
        <property id="module.framework.sf_adc_periodic.p_callback" display="Callback" default="g_adc_framework_user_callback" description="A user callback function can be provided. If this callback function is provided, it will be called each time the requested number of samples are available.">
            <constraint display="Name must be a valid C symbol">testSymbol("${module.framework.sf_adc_periodic.p_callback}")</constraint>
        </property>
        <property default="sf_adc_periodic_init${_instance}" display="Name of generated initialization function" id="module.framework.sf_adc_periodic.init_function" description="Specify the name of the generated initialization function.">
            <constraint display="Name must be a valid C symbol">testSymbol("${module.framework.sf_adc_periodic.init_function}")</constraint>
        </property>
        <property default="module.framework.sf_adc_periodic.init.enable" display="Auto Initialization" id="module.framework.sf_adc_periodic.init" description="Select if sf_adc_periodic will be initialized during startup.">
            <option display="Enable"  id="module.framework.sf_adc_periodic.init.enable"  value="1"/>
            <option display="Disable" id="module.framework.sf_adc_periodic.init.disable" value="0"/>
        </property>
        <header>
            /** ADC Periodic on ADC Periodic instance */
            extern sf_adc_periodic_instance_t ${module.framework.sf_adc_periodic.name};
            /** Buffer where the sampled data will be stored for application usage */
            extern uint16_t ${module.framework.sf_adc_periodic.data_buffer}[${module.framework.sf_adc_periodic.data_buffer_length}];
            #ifndef ${module.framework.sf_adc_periodic.p_callback}
            void ${module.framework.sf_adc_periodic.p_callback}(sf_adc_periodic_callback_args_t * p_args);
            #endif
            void ${module.framework.sf_adc_periodic.name}_err_callback(void * p_instance, void * p_data);
            void ${module.framework.sf_adc_periodic.init_function}(void);
        </header>
        <includes>
            #include &quot;sf_adc_periodic.h&quot;
        </includes>
    <declarations>
            #if defined(__ICCARM__)
            #define ${module.framework.sf_adc_periodic.name}_err_callback_WEAK_ATTRIBUTE
            #pragma weak ${module.framework.sf_adc_periodic.name}_err_callback  = ${module.framework.sf_adc_periodic.name}_err_callback_internal
            #elif defined(__GNUC__)
            #define ${module.framework.sf_adc_periodic.name}_err_callback_WEAK_ATTRIBUTE   __attribute__ ((weak, alias("${module.framework.sf_adc_periodic.name}_err_callback_internal")))
            #endif
            void ${module.framework.sf_adc_periodic.name}_err_callback(void * p_instance, void * p_data) ${module.framework.sf_adc_periodic.name}_err_callback_WEAK_ATTRIBUTE;
            #if ADC_PERIODIC_ON_ADC_PERIODIC_CALLBACK_USED_${module.framework.sf_adc_periodic.name}
            void ${module.framework.sf_adc_periodic.p_callback}(sf_adc_periodic_callback_args_t * p_args);
            #endif
            uint16_t ${module.framework.sf_adc_periodic.data_buffer}[${module.framework.sf_adc_periodic.data_buffer_length}];
            sf_adc_periodic_instance_ctrl_t ${module.framework.sf_adc_periodic.name}_ctrl; 
            sf_adc_periodic_cfg_t ${module.framework.sf_adc_periodic.name}_cfg =
            {
                .p_lower_lvl_adc      = &amp;${module.framework.sf_adc_periodic.requires.adc::module.driver.adc.name},
                .p_lower_lvl_timer    = &amp;${module.framework.sf_adc_periodic.requires.timer::module.driver.timer.name},
                .p_lower_lvl_transfer = &amp;${module.framework.sf_adc_periodic.requires.transfer::module.driver.transfer.name},
                .p_data_buffer        = ${module.framework.sf_adc_periodic.data_buffer},
                .data_buffer_length   = ${module.framework.sf_adc_periodic.data_buffer_length},
                .sample_count         = ${module.framework.sf_adc_periodic.sample_count},
                .p_callback           = ${module.framework.sf_adc_periodic.p_callback},
                .p_extend             = NULL,
            };
    
            sf_adc_periodic_instance_t ${module.framework.sf_adc_periodic.name} =
            {
                .p_ctrl = &amp;${module.framework.sf_adc_periodic.name}_ctrl,
                .p_cfg =  &amp;${module.framework.sf_adc_periodic.name}_cfg,
                .p_api =  &amp;g_sf_adc_periodic_on_sf_adc_periodic,
            };
            /*******************************************************************************************************************//**
               * @brief      This is a weak example initialization error function.  It should be overridden by defining a user  function 
               *             with the prototype below.
               *             - void ${module.framework.sf_adc_periodic.name}_err_callback(void * p_instance, void * p_data)
               *
               * @param[in]  p_instance arguments used to identify which instance caused the error and p_data Callback arguments used to identify what error caused the callback.
               **********************************************************************************************************************/
              void ${module.framework.sf_adc_periodic.name}_err_callback_internal(void * p_instance, void * p_data);
              void ${module.framework.sf_adc_periodic.name}_err_callback_internal(void * p_instance, void * p_data)
              {
                /** Suppress compiler warning for not using parameters. */
                SSP_PARAMETER_NOT_USED(p_instance);
                SSP_PARAMETER_NOT_USED(p_data);

                /** An error has occurred. Please check function arguments for more information. */
                BSP_CFG_HANDLE_UNRECOVERABLE_ERROR(0);
              }

              /*******************************************************************************************************************//**
              * @brief     Initialization function that the user can choose to have called automatically during thread entry.
              *            The user can call this function at a later time if desired using the prototype below.

              *            - void ${module.framework.sf_adc_periodic.init_function}(void)
              **********************************************************************************************************************/
              void ${module.framework.sf_adc_periodic.init_function}(void)
              {
                  ssp_err_t ssp_err_${module.framework.sf_adc_periodic.name};
                  ssp_err_${module.framework.sf_adc_periodic.name} = ${module.framework.sf_adc_periodic.name}.p_api->open(${module.framework.sf_adc_periodic.name}.p_ctrl, ${module.framework.sf_adc_periodic.name}.p_cfg);
                  if (SSP_SUCCESS != ssp_err_${module.framework.sf_adc_periodic.name})
                  {
                      ${module.framework.sf_adc_periodic.name}_err_callback((void *)&amp;${module.framework.sf_adc_periodic.name},&amp;ssp_err_${module.framework.sf_adc_periodic.name});
                  }
              }
    </declarations>
            <init>
            /** Call initialization function if user has selected to do so. */
            #if (${module.framework.sf_adc_periodic.init})
                ${module.framework.sf_adc_periodic.init_function}();
            #endif
        </init>
    </module>
</synergyModuleDescription>
